auto;edad;genero;cating;ed;ecivil
36,20;55;m;3,00;1;1
76,90;56;h;4,00;1;0
13,70;28;m;2,00;3;1
12,50;24;h;2,00;4;1
11,30;25;h;1,00;2;0
28,20;35;m;3,00;2;0
12,20;46;m;1,00;1;0
46,10;34;h;4,00;3;1
35,50;55;m;3,00;3;1
78,90;52;h;4,00;4;1
13,70;32;m;2,00;1;0
54,70;42;m;4,00;3;0
58,30;40;m;4,00;2;1
11,80;30;h;1,00;1;0
9,50;48;h;1,00;3;0
16,60;42;m;2,00;2;1
57,40;45;m;4,00;1;1
23,00;51;h;2,00;1;1
74,90;52;h;4,00;1;0
19,90;53;h;2,00;1;1
28,40;25;m;3,00;3;1
45,50;57;m;4,00;2;1
81,70;56;m;4,00;4;0
28,60;41;h;3,00;3;0
17,40;24;h;2,00;4;0
11,00;21;m;1,00;3;0
19,40;33;m;2,00;2;1
51,20;54;h;4,00;1;1
33,50;25;m;3,00;4;0
10,10;65;h;1,00;2;1
15,60;28;h;2,00;3;1
66,60;46;h;4,00;5;1
54,60;43;m;4,00;2;1
11,30;37;h;1,00;3;0
15,90;59;h;2,00;2;1
31,50;55;m;3,00;4;0
35,10;40;h;3,00;3;0
9,70;30;m;1,00;3;1
17,20;55;m;2,00;4;0
25,20;48;m;3,00;2;1
44,70;49;m;4,00;2;1
64,90;56;m;4,00;1;0
14,50;37;h;2,00;5;0
15,50;66;m;2,00;1;1
11,30;61;h;1,00;2;1
76,80;59;m;4,00;2;1
13,80;25;m;2,00;2;1
73,00;63;h;4,00;1;1
17,50;20;h;2,00;3;0
11,90;24;h;1,00;4;0
11,50;22;m;1,00;4;0
29,20;50;h;3,00;1;1
25,40;42;m;3,00;4;0
72,70;48;m;4,00;2;0
34,30;41;m;3,00;4;0
11,50;25;h;1,00;4;0
70,90;53;h;4,00;2;0
16,80;32;m;2,00;2;1
19,20;44;m;2,00;1;1
20,60;39;m;2,00;4;0
22,30;39;m;2,00;1;1
28,40;25;m;3,00;4;0
28,70;29;h;3,00;2;1
11,80;23;h;1,00;4;0
22,70;48;h;2,00;1;0
10,60;24;h;1,00;2;0
10,30;70;m;1,00;2;0
24,70;37;h;3,00;4;0
21,00;59;m;2,00;3;1
18,10;56;h;2,00;3;0
11,40;48;m;1,00;1;1
7,90;28;h;1,00;4;1
10,70;68;h;1,00;2;0
18,60;26;h;2,00;4;0
6,40;23;h;1,00;2;1
20,20;61;h;2,00;3;0
25,60;39;m;2,00;1;0
88,90;47;m;4,00;4;1
35,40;32;h;3,00;4;1
19,90;66;m;2,00;2;1
19,60;34;h;2,00;3;1
17,30;33;h;2,00;4;1
42,70;46;m;4,00;2;1
30,40;29;m;3,00;4;0
14,30;39;m;2,00;1;1
22,20;58;h;2,00;2;1
18,20;41;h;2,00;3;0
11,90;44;m;2,00;1;0
40,30;60;m;4,00;1;1
12,70;32;m;2,00;4;0
15,00;37;m;2,00;2;0
83,10;63;m;4,00;2;1
34,80;66;m;3,00;2;1
9,40;26;h;1,00;1;0
12,40;41;m;2,00;2;0
7,60;26;h;1,00;1;1
11,20;31;m;1,00;1;0
18,30;34;h;2,00;4;1
15,70;35;m;2,00;2;0
14,60;25;h;2,00;3;0
51,20;59;m;4,00;2;1
25,40;37;m;3,00;2;1
14,00;43;h;2,00;1;0
19,00;35;m;2,00;2;0
15,70;22;h;2,00;1;0
80,50;55;h;4,00;4;0
5,60;63;h;1,00;1;0
31,70;40;h;3,00;3;1
29,40;29;h;3,00;1;0
25,60;32;m;3,00;1;1
13,90;42;m;2,00;3;0
73,60;54;h;4,00;4;0
15,90;37;m;2,00;1;1
73,50;57;m;4,00;4;1
5,50;70;h;1,00;2;1
6,90;23;m;1,00;4;1
98,20;55;m;4,00;3;0
20,10;38;h;2,00;2;0
13,10;27;h;2,00;3;1
11,10;45;m;1,00;3;1
67,90;41;m;4,00;2;1
6,60;18;h;1,00;2;0
23,10;45;h;2,00;4;1
19,80;34;m;2,00;5;1
53,50;38;m;4,00;3;1
7,90;19;m;1,00;2;1
11,90;28;m;1,00;1;0
15,70;41;h;2,00;2;1
23,90;54;m;2,00;4;0
58,90;47;h;4,00;4;1
70,90;61;m;4,00;4;0
6,50;66;h;1,00;1;1
16,60;55;m;2,00;1;0
13,30;36;h;2,00;3;1
14,50;38;h;2,00;4;0
44,30;44;m;4,00;3;1
38,70;52;m;4,00;1;1
58,70;61;h;4,00;2;0
63,20;66;h;4,00;1;0
15,20;31;m;2,00;2;0
29,40;36;h;3,00;4;1
43,00;51;h;4,00;2;0
18,30;47;m;2,00;1;0
15,40;31;m;2,00;3;1
22,10;34;m;2,00;4;0
60,20;63;m;4,00;1;0
15,40;37;m;2,00;3;1
56,00;36;h;4,00;4;1
21,60;42;h;2,00;4;0
12,00;33;m;1,00;4;0
96,30;45;m;4,00;3;0
13,80;37;m;2,00;3;0
7,40;19;h;1,00;2;0
33,10;55;h;3,00;2;0
5,20;61;m;1,00;3;0
9,60;25;m;1,00;1;1
58,60;35;h;4,00;5;0
26,40;37;h;3,00;5;0
37,10;38;m;4,00;3;0
24,00;40;h;3,00;4;1
11,00;34;m;1,00;3;0
12,30;23;h;2,00;3;1
30,10;54;m;3,00;1;1
76,20;54;m;4,00;3;0
12,90;26;m;2,00;5;1
27,50;35;h;3,00;3;0
78,00;50;h;4,00;5;1
83,20;55;h;4,00;5;0
12,80;32;h;2,00;2;1
23,40;52;h;2,00;2;0
77,80;49;h;4,00;3;0
19,40;48;h;2,00;1;0
10,50;23;m;1,00;4;0
37,10;52;m;3,00;1;1
25,90;49;h;3,00;1;0
32,40;25;m;3,00;3;0
13,50;35;m;2,00;2;1
15,20;36;m;2,00;1;1
18,30;50;h;2,00;1;1
10,50;33;h;1,00;1;1
73,90;51;h;4,00;1;0
14,00;27;h;2,00;3;0
18,90;32;h;2,00;4;0
15,30;44;h;2,00;1;1
16,20;20;m;2,00;3;1
39,60;49;h;4,00;1;0
50,00;34;m;4,00;4;0
24,70;31;m;3,00;2;0
73,60;39;m;4,00;4;1
20,80;33;h;2,00;4;1
35,20;54;m;3,00;1;1
14,30;29;m;2,00;4;1
7,20;24;h;1,00;1;0
76,10;49;m;4,00;2;1
7,10;19;m;1,00;1;1
17,70;49;m;2,00;1;0
24,80;40;h;3,00;4;0
63,80;36;m;4,00;3;1
22,80;46;h;2,00;4;0
12,60;24;m;2,00;3;1
8,40;58;h;1,00;5;0
15,40;37;m;2,00;5;0
5,30;73;h;1,00;1;0
13,30;44;m;2,00;2;0
34,70;66;m;3,00;2;0
34,60;50;m;3,00;2;0
12,60;30;h;2,00;4;0
74,20;71;h;4,00;4;0
57,10;46;h;4,00;4;0
14,80;61;m;2,00;2;0
13,80;48;m;2,00;1;1
77,60;55;m;4,00;4;1
72,70;51;h;4,00;2;0
42,10;50;h;4,00;3;1
24,40;44;m;2,00;1;1
12,50;38;h;2,00;2;0
73,70;48;m;4,00;4;0
17,70;46;h;2,00;1;1
26,10;51;h;3,00;3;0
10,70;22;m;1,00;4;1
8,50;72;h;1,00;1;0
14,20;40;h;2,00;3;1
75,70;41;m;4,00;1;1
48,60;48;m;4,00;4;0
19,70;44;m;2,00;3;1
79,60;57;m;4,00;3;0
22,10;31;h;2,00;3;1
77,50;54;h;4,00;4;0
50,40;49;m;4,00;3;0
60,10;54;h;4,00;1;1
16,30;36;m;2,00;3;1
14,50;29;m;2,00;1;1
48,70;44;h;4,00;1;0
75,80;56;m;4,00;1;0
42,20;40;h;4,00;4;0
8,10;59;h;1,00;2;1
5,00;58;h;1,00;2;0
38,10;37;m;4,00;5;1
60,80;52;m;4,00;2;0
10,80;25;m;1,00;1;0
75,20;35;h;4,00;4;0
46,30;28;m;4,00;5;1
5,00;67;h;1,00;1;1
29,30;60;h;3,00;2;1
98,60;41;h;4,00;4;0
31,60;62;h;3,00;4;1
13,90;37;m;2,00;1;0
24,10;37;m;2,00;4;0
34,50;41;m;3,00;3;0
4,60;70;h;1,00;2;0
19,60;37;m;2,00;1;1
7,40;64;m;1,00;2;1
14,30;29;h;2,00;3;1
38,50;51;m;4,00;3;1
17,40;35;m;2,00;2;0
14,90;29;h;2,00;3;0
57,20;60;h;4,00;4;1
9,10;20;h;1,00;3;0
16,50;53;m;2,00;3;1
23,90;35;h;2,00;3;0
43,30;49;m;4,00;2;1
49,40;43;m;4,00;4;0
21,00;28;m;2,00;4;1
12,90;25;m;2,00;4;1
37,60;46;m;4,00;3;0
21,20;42;h;2,00;1;1
43,80;55;h;4,00;4;0
45,00;63;m;4,00;2;1
27,00;43;h;3,00;2;1
14,10;41;m;2,00;1;0
17,00;34;h;2,00;3;1
8,00;19;m;1,00;2;0
12,80;27;h;2,00;1;0
21,90;38;h;2,00;3;0
19,10;59;h;2,00;3;0
20,30;36;h;2,00;2;1
11,90;24;h;1,00;3;1
18,70;30;h;2,00;1;0
80,20;59;h;4,00;3;1
43,50;38;h;4,00;3;1
23,40;36;h;2,00;4;0
20,40;39;m;2,00;3;1
16,90;26;h;2,00;3;1
25,40;42;h;3,00;3;1
60,80;33;h;4,00;4;0
16,40;42;m;2,00;3;0
17,50;47;h;2,00;2;1
13,60;25;m;2,00;2;1
10,10;30;h;1,00;5;0
18,00;23;h;2,00;4;1
6,40;23;h;1,00;3;0
9,50;47;m;1,00;1;0
18,50;20;m;2,00;3;1
7,20;19;h;1,00;1;1
46,10;25;m;4,00;4;0
15,60;39;h;2,00;4;0
15,40;37;h;2,00;1;0
12,20;44;h;1,00;5;1
37,00;43;m;3,00;3;0
7,90;45;h;1,00;1;0
32,00;34;h;3,00;2;0
59,70;47;m;4,00;2;0
32,60;49;m;3,00;4;1
30,50;40;m;3,00;1;0
18,50;36;h;2,00;3;0
17,50;22;m;2,00;4;1
7,40;28;h;1,00;3;1
22,10;44;h;2,00;2;0
19,40;30;h;2,00;4;1
22,20;30;h;2,00;4;0
30,70;34;m;3,00;2;0
61,90;58;m;4,00;1;1
53,90;60;h;4,00;1;1
53,10;64;m;4,00;2;0
25,40;43;h;3,00;4;1
17,10;19;h;2,00;2;0
14,70;37;m;2,00;3;1
12,90;57;h;2,00;1;1
10,70;57;h;1,00;1;1
9,00;23;h;1,00;1;1
24,60;39;m;3,00;2;0
25,90;34;m;3,00;4;1
87,50;46;m;4,00;1;0
16,10;37;m;2,00;1;0
46,40;63;h;4,00;2;1
14,10;32;h;2,00;1;1
85,30;49;h;4,00;2;0
13,00;22;m;2,00;3;0
38,90;53;h;4,00;1;1
9,00;43;m;1,00;4;0
15,40;40;h;2,00;1;1
18,70;34;m;2,00;4;1
28,80;46;h;3,00;2;1
16,30;31;h;2,00;2;0
23,50;49;m;2,00;2;1
21,40;28;h;2,00;1;1
31,80;30;h;3,00;4;0
9,50;26;h;1,00;4;1
22,50;32;m;2,00;1;0
35,20;38;m;3,00;5;0
13,80;28;h;2,00;4;1
39,50;33;m;4,00;3;0
15,00;37;m;2,00;3;0
12,70;39;h;2,00;1;1
13,30;31;m;2,00;2;1
32,10;50;h;3,00;4;1
11,50;29;h;1,00;4;1
12,90;53;m;2,00;2;1
16,00;71;m;2,00;1;1
46,80;36;h;4,00;4;0
37,50;48;h;4,00;2;1
16,80;59;m;2,00;1;0
18,20;32;h;2,00;2;0
13,30;27;m;2,00;4;1
16,50;49;h;2,00;1;0
50,40;53;h;4,00;1;0
14,20;41;h;2,00;2;0
13,10;28;m;2,00;1;0
54,80;44;h;4,00;3;0
15,20;42;h;2,00;3;1
12,00;28;m;1,00;2;0
45,30;55;m;4,00;2;1
41,70;47;h;4,00;1;1
21,20;60;m;2,00;1;0
24,50;38;m;3,00;2;1
5,80;75;m;1,00;1;0
88,60;54;m;4,00;2;0
33,40;41;m;3,00;2;0
86,20;45;h;4,00;3;0
10,20;42;m;1,00;4;0
29,60;22;m;3,00;4;1
12,50;29;m;2,00;2;1
21,60;43;m;2,00;5;0
14,00;31;h;2,00;3;1
20,80;28;m;2,00;5;0
23,90;28;m;2,00;5;1
37,90;52;m;4,00;1;0
25,70;36;m;3,00;2;0
15,10;20;h;2,00;3;1
15,20;31;m;2,00;2;1
9,00;21;m;1,00;3;1
57,50;40;h;4,00;3;0
28,60;47;h;3,00;3;1
76,30;65;m;4,00;1;1
15,10;26;h;2,00;1;1
45,80;42;h;4,00;1;1
18,40;59;h;2,00;1;1
75,80;57;h;4,00;2;1
12,10;40;m;2,00;2;0
18,50;32;m;2,00;4;1
75,50;48;h;4,00;1;0
19,50;52;h;2,00;2;0
26,60;56;h;3,00;3;0
13,70;19;h;2,00;2;0
20,60;51;h;2,00;4;0
11,80;42;m;1,00;2;0
62,70;48;m;4,00;2;0
48,30;51;h;4,00;2;0
15,10;29;h;2,00;2;0
54,60;46;h;4,00;1;1
39,60;58;m;4,00;2;1
17,90;32;h;2,00;5;1
8,80;39;h;1,00;2;1
9,00;32;h;1,00;2;1
13,00;37;h;2,00;3;0
22,70;35;m;2,00;1;0
51,40;63;h;4,00;3;0
18,90;34;h;2,00;1;0
49,60;49;m;4,00;1;0
94,80;53;m;4,00;1;0
86,40;55;h;4,00;3;1
79,00;47;h;4,00;2;1
14,70;26;m;2,00;4;1
69,10;57;m;4,00;3;1
87,60;54;h;4,00;1;1
69,10;62;m;4,00;3;0
13,10;56;h;2,00;4;1
7,40;26;m;1,00;1;1
34,20;40;m;3,00;1;1
23,20;34;h;2,00;2;1
37,30;36;m;3,00;4;1
61,90;42;h;4,00;3;0
17,70;41;h;2,00;1;0
12,80;21;m;2,00;3;1
21,60;31;m;2,00;2;1
9,10;31;m;1,00;1;0
8,90;26;h;1,00;4;1
14,50;51;m;2,00;2;1
17,30;52;m;2,00;2;1
13,60;28;h;2,00;2;0
25,50;54;h;3,00;3;0
51,60;43;h;4,00;1;1
14,00;30;m;2,00;4;1
21,80;44;m;2,00;1;0
19,10;50;m;2,00;1;0
21,50;43;h;2,00;3;1
11,60;45;h;1,00;1;1
12,40;37;m;2,00;2;0
30,90;56;m;3,00;1;1
10,70;54;h;1,00;3;1
43,90;40;h;4,00;4;1
56,00;50;h;4,00;1;0
38,60;44;m;4,00;2;1
13,00;30;m;1,00;5;1
69,80;53;h;4,00;3;0
20,00;52;m;2,00;2;0
16,00;41;m;2,00;2;0
8,60;25;h;1,00;2;0
9,60;21;m;1,00;3;1
73,90;41;h;4,00;4;1
14,80;56;h;2,00;4;1
21,20;50;m;2,00;3;0
22,40;33;h;2,00;4;0
36,10;33;m;3,00;1;1
33,60;38;m;3,00;4;1
23,30;32;h;2,00;4;1
4,60;61;h;1,00;2;0
79,50;56;h;4,00;2;1
16,20;54;h;2,00;2;1
27,00;63;m;3,00;2;0
71,80;39;m;4,00;5;1
70,00;45;h;4,00;5;0
75,00;64;m;4,00;3;1
7,80;24;h;1,00;4;0
26,90;45;h;3,00;3;1
10,20;24;h;1,00;3;0
9,60;29;m;1,00;3;1
31,40;37;m;3,00;3;1
44,00;26;h;4,00;5;0
55,80;46;m;4,00;1;1
47,60;49;h;4,00;4;0
20,90;38;h;2,00;3;0
80,10;43;m;4,00;5;0
43,90;38;h;4,00;2;1
30,60;48;h;3,00;1;1
28,70;42;m;3,00;2;0
20,10;25;h;2,00;3;1
7,50;24;h;1,00;1;0
34,30;51;h;3,00;2;0
11,60;49;h;1,00;2;1
10,30;58;h;1,00;2;1
21,20;28;m;2,00;2;1
30,10;42;m;3,00;2;0
10,90;24;h;1,00;1;0
10,60;30;h;1,00;1;1
13,80;37;m;2,00;4;1
88,20;44;m;4,00;2;0
25,80;38;m;3,00;3;0
13,10;49;m;2,00;5;0
19,50;38;m;2,00;2;0
19,70;21;h;2,00;3;0
69,30;46;h;4,00;3;1
17,00;51;m;2,00;1;1
10,10;44;m;1,00;3;0
30,10;38;h;3,00;3;0
12,90;30;h;2,00;2;0
10,80;32;m;1,00;4;0
68,20;62;h;4,00;3;0
21,70;37;h;2,00;4;1
95,80;47;h;4,00;2;0
6,90;20;h;1,00;3;0
13,80;25;h;2,00;4;0
14,60;19;m;2,00;2;0
41,50;37;m;4,00;5;0
23,80;29;m;2,00;2;0
9,50;27;m;1,00;3;0
19,70;45;h;2,00;1;0
23,40;42;h;2,00;2;1
7,20;19;m;1,00;1;1
69,00;57;h;4,00;3;1
18,90;27;m;2,00;4;1
30,20;51;m;3,00;5;1
5,00;65;h;1,00;1;1
68,20;68;h;4,00;4;0
29,70;48;m;3,00;4;1
20,50;25;h;2,00;1;1
74,00;63;h;4,00;1;0
22,90;42;m;2,00;1;1
47,30;39;m;4,00;3;0
10,40;21;h;1,00;2;0
68,10;56;h;4,00;4;0
67,10;41;h;4,00;2;1
28,80;56;h;3,00;3;1
29,40;43;h;3,00;2;0
21,10;43;m;2,00;4;1
79,00;53;m;4,00;1;1
12,80;34;m;2,00;5;0
47,90;41;m;4,00;4;1
34,00;38;m;3,00;3;0
6,90;60;h;1,00;2;1
34,80;55;h;3,00;2;1
29,10;42;h;3,00;3;0
16,70;43;m;2,00;1;0
14,40;27;m;2,00;4;0
18,20;36;m;2,00;4;1
7,50;28;h;1,00;2;1
14,80;21;h;2,00;3;0
20,50;33;h;2,00;2;0
24,30;31;h;2,00;3;1
24,20;20;h;3,00;3;0
22,80;33;m;2,00;3;1
8,80;31;h;1,00;1;1
24,70;34;m;2,00;2;0
17,40;33;m;2,00;4;0
21,50;30;m;2,00;4;0
16,70;29;m;2,00;4;0
18,80;29;m;2,00;2;0
28,50;61;m;3,00;2;0
47,80;45;h;4,00;2;0
34,40;54;m;3,00;2;0
82,20;30;h;4,00;3;0
4,90;67;h;1,00;2;1
20,30;30;h;2,00;5;0
7,40;30;h;1,00;4;1
18,30;24;h;2,00;3;1
29,50;44;h;3,00;2;1
83,80;56;h;4,00;2;1
23,90;32;m;2,00;3;0
49,40;50;h;4,00;4;0
69,70;43;m;4,00;3;0
9,50;19;h;1,00;2;0
10,80;30;h;1,00;2;0
32,90;38;h;3,00;2;1
21,80;45;h;2,00;2;0
15,00;28;h;2,00;2;1
16,80;35;h;2,00;4;1
80,20;53;h;4,00;4;0
14,70;44;m;2,00;4;0
16,50;32;m;2,00;5;1
18,10;46;h;2,00;5;0
9,90;25;h;1,00;2;1
11,40;25;h;1,00;3;1
12,80;30;m;2,00;3;1
26,30;40;h;3,00;1;0
20,00;46;m;2,00;2;0
9,50;70;m;1,00;4;1
17,30;29;m;2,00;5;0
21,50;52;m;2,00;5;0
40,60;38;m;4,00;5;0
29,80;49;m;3,00;5;0
8,90;25;m;1,00;2;1
34,20;37;h;3,00;4;1
50,60;52;m;4,00;1;1
39,50;43;h;4,00;3;1
17,20;35;h;2,00;4;1
14,80;27;m;2,00;5;1
16,60;60;m;2,00;2;1
21,20;45;h;2,00;3;1
48,30;44;h;4,00;2;0
71,00;54;m;4,00;4;0
24,00;31;m;2,00;2;0
75,00;71;h;4,00;2;1
33,60;40;h;3,00;1;0
38,40;39;h;4,00;3;0
12,90;34;h;2,00;3;0
30,40;57;m;3,00;1;0
22,70;46;h;2,00;2;1
34,00;35;m;3,00;4;1
26,50;44;h;3,00;1;0
18,10;37;m;2,00;4;0
48,20;41;m;4,00;4;0
33,70;37;h;3,00;2;0
7,40;66;m;1,00;2;1
9,60;63;h;1,00;1;1
32,00;31;h;3,00;3;0
12,50;42;h;2,00;2;1
22,70;63;h;2,00;3;1
9,50;25;m;1,00;2;1
70,00;49;m;4,00;1;0
23,10;41;m;2,00;4;0
80,80;71;m;4,00;2;0
18,40;54;m;2,00;1;1
48,00;54;m;4,00;1;0
73,30;54;h;4,00;3;1
64,50;52;h;4,00;2;0
16,30;29;h;2,00;3;0
62,10;45;h;4,00;3;0
10,80;24;m;1,00;3;1
14,80;36;h;2,00;3;1
20,60;45;m;2,00;2;0
4,50;70;h;1,00;5;1
15,10;53;m;2,00;1;0
50,50;55;h;4,00;3;1
16,30;29;h;2,00;2;0
17,20;59;h;2,00;1;0
8,80;30;h;1,00;4;0
13,00;40;m;2,00;3;1
19,50;26;h;2,00;4;0
19,10;40;h;2,00;3;0
17,90;39;h;2,00;1;1
99,70;57;h;4,00;2;0
38,20;61;h;4,00;1;1
10,60;36;m;1,00;1;1
12,70;24;m;2,00;1;0
13,80;32;h;2,00;4;0
16,60;45;m;2,00;2;1
74,60;57;h;4,00;1;0
24,30;37;h;2,00;4;1
25,60;57;h;3,00;3;1
62,60;67;m;4,00;4;1
16,00;58;h;2,00;1;1
15,60;32;m;2,00;1;1
10,60;27;h;1,00;1;0
13,80;31;h;2,00;2;0
92,40;41;m;4,00;3;0
18,40;35;h;2,00;2;1
6,80;18;h;1,00;2;1
28,50;37;m;3,00;3;1
16,00;34;m;2,00;2;1
99,90;51;h;4,00;2;1
24,40;33;m;3,00;3;1
76,50;60;h;4,00;4;1
25,90;36;m;3,00;2;1
24,00;48;h;2,00;4;0
15,30;37;h;2,00;1;1
19,60;55;m;2,00;2;1
20,70;23;m;2,00;4;1
22,10;54;m;2,00;1;1
22,10;25;h;2,00;2;0
30,90;53;h;3,00;3;1
21,90;33;m;2,00;2;1
8,20;22;m;1,00;1;0
55,70;36;h;4,00;3;1
78,60;49;h;4,00;3;1
8,70;18;m;1,00;2;1
19,40;54;h;2,00;2;0
30,90;29;h;3,00;2;0
9,90;29;m;1,00;3;1
9,80;33;h;1,00;4;1
14,20;21;m;2,00;3;0
12,60;49;m;2,00;1;0
10,90;31;m;1,00;2;1
26,60;51;h;3,00;1;0
58,40;54;h;4,00;2;1
36,80;55;h;3,00;1;1
21,30;35;m;2,00;3;1
9,10;29;h;1,00;2;0
8,50;54;h;1,00;3;0
20,70;62;h;2,00;5;0
58,10;41;m;4,00;2;1
15,40;58;h;2,00;1;0
16,40;35;m;2,00;5;0
11,10;50;h;1,00;2;1
6,60;61;m;1,00;4;1
35,10;46;h;3,00;3;0
14,90;53;h;2,00;3;1
17,60;44;h;2,00;2;0
14,90;45;m;2,00;2;0
9,00;63;h;1,00;2;1
22,30;41;h;2,00;4;0
21,80;43;h;2,00;4;1
33,70;28;m;3,00;5;1
18,20;28;h;2,00;1;1
4,30;65;h;1,00;1;1
23,40;30;h;2,00;4;0
27,70;43;h;3,00;4;0
25,20;32;h;3,00;4;0
28,50;53;m;3,00;1;0
18,60;45;h;2,00;1;0
21,40;48;h;2,00;4;1
11,60;36;h;1,00;1;1
9,10;21;h;1,00;2;1
8,80;43;m;1,00;1;1
28,50;37;h;3,00;5;0
55,50;58;m;4,00;1;1
72,00;49;h;4,00;3;0
13,00;32;m;2,00;2;0
20,00;28;h;2,00;5;0
17,40;43;m;2,00;4;0
23,90;51;m;2,00;1;0
51,10;40;m;4,00;4;0
15,20;36;m;2,00;5;1
64,10;50;h;4,00;4;1
31,00;38;h;3,00;1;0
12,00;31;m;2,00;2;1
7,90;40;h;1,00;1;0
35,50;35;h;3,00;3;0
7,80;72;m;1,00;2;0
14,40;28;h;2,00;3;1
77,30;63;h;4,00;4;1
9,90;48;h;1,00;1;1
64,60;51;m;4,00;2;0
27,10;36;m;3,00;4;0
46,30;38;m;4,00;4;0
48,10;44;h;4,00;2;1
41,50;60;m;4,00;1;0
53,50;41;h;4,00;1;0
19,50;35;m;2,00;3;1
10,80;30;m;1,00;3;1
23,60;51;h;2,00;3;0
16,40;25;h;2,00;3;1
9,50;23;h;1,00;2;0
10,80;24;m;1,00;2;1
10,30;54;h;1,00;3;0
32,00;40;m;3,00;4;1
43,30;39;h;4,00;2;0
12,80;25;h;2,00;2;0
20,70;25;h;2,00;4;1
29,70;30;m;3,00;2;1
29,50;39;h;3,00;3;0
24,40;52;h;3,00;2;1
19,00;42;m;2,00;1;0
59,70;43;m;4,00;3;0
27,10;49;m;3,00;2;1
12,80;58;h;2,00;1;1
22,50;50;m;2,00;1;0
8,40;20;m;1,00;3;1
27,20;41;h;3,00;1;1
13,80;44;h;2,00;1;1
94,00;65;m;4,00;2;0
15,00;45;m;2,00;1;0
48,60;70;m;4,00;3;1
27,80;38;h;3,00;2;0
40,30;34;h;4,00;4;0
19,80;62;h;2,00;2;1
21,70;37;m;2,00;3;0
9,50;23;h;1,00;1;1
19,10;35;m;2,00;2;0
4,70;56;h;1,00;2;1
21,30;64;m;2,00;3;1
14,50;30;m;2,00;3;1
20,20;59;h;2,00;4;0
17,90;29;m;2,00;4;1
31,40;51;m;3,00;1;1
20,20;54;m;2,00;2;0
25,40;57;h;2,00;2;0
13,40;40;m;2,00;1;0
17,30;33;m;2,00;2;1
6,80;20;h;1,00;3;1
10,00;19;h;1,00;2;1
22,90;36;m;2,00;3;1
19,60;56;h;2,00;2;1
18,90;38;h;2,00;3;0
64,10;42;h;4,00;1;1
21,40;34;h;2,00;4;0
19,90;38;m;2,00;2;0
32,50;42;h;3,00;1;0
13,90;31;h;2,00;4;0
26,10;53;m;3,00;1;0
81,50;41;m;4,00;2;1
22,00;31;h;2,00;2;1
19,90;34;m;2,00;4;1
82,40;66;m;4,00;2;0
17,50;60;h;2,00;5;1
43,00;39;m;4,00;2;0
19,10;36;h;2,00;2;0
10,20;26;m;1,00;4;0
24,10;40;h;2,00;2;1
5,10;64;h;1,00;4;1
56,60;52;h;4,00;3;1
47,30;49;h;4,00;5;1
11,00;20;m;1,00;2;1
47,30;56;h;4,00;4;1
39,20;47;h;4,00;2;0
38,20;39;m;4,00;2;1
43,10;51;m;4,00;2;1
13,80;28;m;2,00;1;0
8,00;32;h;1,00;1;0
15,50;63;h;2,00;4;0
77,20;56;m;4,00;2;1
62,10;51;m;4,00;2;0
43,50;40;h;4,00;3;1
17,80;35;m;2,00;4;1
84,40;56;h;4,00;5;0
56,70;57;h;4,00;1;1
90,00;61;h;4,00;1;0
13,90;47;m;2,00;2;0
23,60;47;m;2,00;3;1
45,60;46;m;4,00;4;0
69,80;54;m;4,00;2;1
30,00;25;h;3,00;3;0
27,00;47;m;3,00;4;0
18,60;37;m;2,00;2;1
43,20;50;m;4,00;4;0
31,90;39;h;3,00;2;1
14,90;29;h;2,00;4;0
73,80;53;m;4,00;2;1
21,30;27;m;2,00;2;1
23,70;52;m;2,00;1;0
22,10;33;m;2,00;4;0
82,30;67;h;4,00;1;1
34,30;60;m;3,00;3;0
10,20;32;h;1,00;1;0
53,50;56;m;4,00;2;0
15,30;48;h;2,00;3;1
48,60;43;m;4,00;1;1
78,30;46;m;4,00;3;0
32,40;38;m;3,00;4;1
12,10;23;h;1,00;2;1
15,90;33;h;2,00;1;0
15,50;29;m;2,00;4;0
9,00;58;m;1,00;4;0
16,80;47;m;2,00;1;0
15,00;21;m;2,00;3;0
12,00;36;h;1,00;3;1
56,70;56;h;4,00;2;1
11,50;26;h;1,00;4;1
67,20;63;h;4,00;1;0
13,70;55;h;2,00;3;1
10,40;29;h;1,00;2;1
6,50;71;h;1,00;1;0
22,40;39;h;2,00;3;0
15,70;39;m;2,00;2;1
41,60;50;m;4,00;4;0
8,90;34;m;1,00;2;1
8,40;24;m;1,00;4;1
15,10;32;m;2,00;2;1
18,80;50;m;2,00;5;1
7,90;72;h;1,00;2;0
23,00;31;m;2,00;5;0
48,50;38;m;4,00;2;1
15,10;29;m;2,00;4;1
24,70;20;m;2,00;3;1
30,70;35;h;3,00;2;0
20,50;62;m;2,00;3;0
54,30;45;h;4,00;3;0
18,80;32;m;2,00;2;0
37,60;39;h;3,00;3;1
32,60;41;h;3,00;3;0
78,10;53;m;4,00;3;1
25,00;53;h;2,00;1;1
19,10;24;m;2,00;4;0
56,10;45;m;4,00;2;1
31,80;35;h;3,00;4;0
29,90;47;h;3,00;1;1
12,50;28;h;2,00;3;1
20,00;41;m;2,00;2;0
57,40;54;h;4,00;2;0
34,70;42;h;3,00;2;0
18,50;37;m;2,00;2;1
13,80;33;h;2,00;4;1
12,80;26;m;2,00;2;1
24,80;38;m;2,00;4;0
9,00;62;h;1,00;2;0
11,50;66;h;1,00;1;0
28,00;33;h;3,00;2;0
51,70;50;h;4,00;1;0
28,00;38;m;3,00;4;0
76,00;66;m;4,00;4;1
21,20;49;h;2,00;2;0
7,50;73;h;1,00;5;1
18,90;19;m;2,00;2;1
81,30;43;h;4,00;4;1
19,70;30;m;2,00;1;1
45,60;38;h;4,00;4;1
50,80;43;h;4,00;4;1
24,20;34;h;2,00;1;0
41,50;50;m;4,00;1;0
66,00;54;m;4,00;3;1
28,30;55;h;3,00;2;0
11,70;28;h;1,00;4;0
25,30;50;h;3,00;4;0
12,00;60;h;2,00;4;0
34,60;36;m;3,00;2;0
14,50;46;m;2,00;2;1
27,30;31;h;3,00;2;1
9,20;26;m;1,00;2;0
16,60;41;h;2,00;1;1
12,10;30;m;2,00;1;0
39,50;36;m;4,00;2;1
82,60;50;m;4,00;4;0
28,40;42;m;3,00;2;0
35,80;59;m;3,00;3;0
15,90;35;h;2,00;3;0
12,00;28;h;1,00;1;0
25,00;45;h;3,00;3;1
40,20;39;h;4,00;2;1
65,90;64;m;4,00;1;1
15,20;24;h;2,00;4;0
75,10;66;m;4,00;4;1
54,90;39;m;4,00;2;0
13,80;43;m;2,00;2;0
13,50;32;m;2,00;3;0
10,00;28;m;1,00;2;1
74,30;64;h;4,00;4;1
43,60;39;m;4,00;2;1
37,20;65;m;3,00;4;0
31,00;43;m;3,00;4;1
54,70;47;m;4,00;3;1
13,10;19;m;2,00;2;1
37,60;38;h;4,00;1;1
16,00;33;m;2,00;4;0
16,40;40;m;2,00;3;1
10,80;26;h;1,00;3;0
30,70;37;h;3,00;4;0
88,90;49;h;4,00;3;0
15,10;40;m;2,00;2;0
63,60;58;m;4,00;3;1
70,50;61;m;4,00;5;0
74,70;55;m;4,00;4;0
17,40;45;m;2,00;1;0
17,90;30;m;2,00;4;0
5,20;58;h;1,00;3;1
15,00;66;h;2,00;2;1
14,40;56;m;2,00;3;0
37,70;44;h;4,00;3;1
12,90;26;m;2,00;1;0
12,70;27;m;2,00;4;1
11,30;21;h;1,00;3;1
35,60;51;h;3,00;1;0
12,20;46;h;2,00;3;1
11,40;31;m;1,00;2;1
36,90;70;h;4,00;3;1
74,10;67;m;4,00;4;0
9,60;66;m;1,00;4;1
26,50;41;h;3,00;4;1
6,90;61;m;1,00;2;0
24,10;71;h;2,00;3;1
17,20;59;h;2,00;4;1
6,60;58;h;1,00;1;1
13,50;45;h;2,00;2;0
37,00;34;h;4,00;5;1
25,40;44;h;3,00;1;1
17,10;27;m;2,00;3;1
35,00;36;m;3,00;5;0
17,70;37;m;2,00;2;0
35,90;41;m;3,00;4;1
66,20;47;h;4,00;1;0
30,70;51;m;3,00;1;0
24,20;47;h;2,00;1;0
14,70;52;h;2,00;4;1
64,30;68;m;4,00;3;1
6,50;21;h;1,00;3;0
8,00;45;m;1,00;2;0
50,80;48;h;4,00;1;0
44,20;43;h;4,00;2;1
20,00;31;m;2,00;2;1
9,90;24;h;1,00;2;0
12,00;20;h;1,00;3;0
20,50;31;h;2,00;1;1
45,90;36;h;4,00;3;1
22,80;44;h;2,00;4;0
25,40;41;m;3,00;2;1
7,80;28;m;1,00;2;1
22,70;61;m;2,00;2;0
11,50;30;m;1,00;2;0
39,70;42;m;4,00;2;0
84,30;52;h;4,00;3;1
50,00;50;m;4,00;2;0
9,00;24;m;1,00;3;1
17,30;32;m;2,00;3;1
63,40;59;h;4,00;1;0
67,70;50;m;4,00;1;0
12,10;42;m;2,00;1;1
32,20;51;h;3,00;4;1
18,20;51;m;2,00;2;0
38,50;43;h;4,00;5;1
15,20;30;m;2,00;2;1
74,70;53;m;4,00;5;0
37,10;47;h;3,00;2;1
14,40;27;h;2,00;2;0
18,30;29;m;2,00;1;1
60,80;49;m;4,00;1;1
13,60;45;h;2,00;3;1
43,40;59;h;4,00;2;1
72,10;63;h;4,00;3;1
24,10;39;m;2,00;3;0
12,00;39;m;1,00;3;1
10,00;26;m;1,00;4;0
10,00;28;h;1,00;3;0
11,00;56;m;1,00;1;1
21,20;51;m;2,00;1;0
32,20;29;m;3,00;4;0
8,00;31;m;1,00;2;0
76,60;55;h;4,00;3;0
48,10;50;m;4,00;3;0
16,70;37;h;2,00;4;0
60,70;53;h;4,00;1;1
28,80;59;m;3,00;3;0
20,20;36;h;2,00;3;0
27,60;37;h;3,00;4;1
9,10;24;m;1,00;2;1
9,40;24;h;1,00;4;1
29,80;39;h;3,00;4;0
23,30;29;m;2,00;4;1
75,30;49;h;4,00;3;0
76,60;61;h;4,00;4;0
12,40;56;m;2,00;1;1
12,20;37;h;1,00;2;1
32,50;45;h;3,00;1;1
29,20;27;m;3,00;5;0
28,50;55;h;3,00;2;0
49,80;53;h;4,00;4;1
30,80;52;h;3,00;1;1
73,30;57;h;4,00;4;1
78,40;46;h;4,00;2;1
15,60;32;m;2,00;3;0
9,60;32;m;1,00;2;0
26,90;61;h;3,00;1;1
46,40;51;m;4,00;3;1
20,40;47;m;2,00;2;1
18,60;47;h;2,00;1;1
23,10;38;h;2,00;1;0
13,70;42;h;2,00;4;1
22,60;34;m;2,00;3;0
7,00;19;h;1,00;2;0
28,30;47;m;3,00;2;0
39,50;36;m;4,00;2;1
8,00;56;h;1,00;3;0
77,50;52;h;4,00;1;1
12,80;25;h;2,00;4;0
18,90;34;h;2,00;4;1
25,90;49;m;3,00;1;1
27,50;41;m;3,00;2;1
21,40;51;h;2,00;1;1
22,20;39;m;2,00;2;1
8,80;22;h;1,00;3;0
27,60;70;h;3,00;4;1
77,80;57;m;4,00;2;1
97,30;35;h;4,00;4;1
68,90;41;m;4,00;3;1
15,10;56;m;2,00;1;1
24,80;59;m;3,00;4;1
8,70;25;m;1,00;3;1
13,40;44;m;2,00;3;0
77,10;57;m;4,00;2;1
21,00;52;m;2,00;1;0
12,90;21;m;2,00;1;1
50,10;33;h;4,00;2;0
62,40;34;h;4,00;3;0
13,20;73;h;2,00;1;1
16,20;42;h;2,00;4;0
4,60;63;m;1,00;4;0
16,50;32;m;2,00;3;0
15,00;37;m;2,00;1;1
10,60;32;h;1,00;5;1
22,90;45;m;2,00;2;1
16,50;37;h;2,00;4;0
86,30;50;h;4,00;2;0
17,30;66;m;2,00;3;1
11,70;23;h;1,00;2;0
13,50;45;h;2,00;1;0
68,90;45;m;4,00;2;0
24,60;31;h;2,00;4;1
91,70;46;h;4,00;3;1
28,20;51;m;3,00;1;0
76,00;53;m;4,00;1;1
5,00;62;m;1,00;3;1
20,80;33;h;2,00;2;0
10,80;33;m;1,00;2;1
68,40;58;h;4,00;1;0
6,90;66;m;1,00;3;0
21,70;35;m;2,00;2;0
24,10;51;h;3,00;2;1
57,20;52;m;4,00;1;1
31,50;35;h;3,00;3;0
14,40;29;m;2,00;5;0
99,30;61;h;4,00;1;1
17,30;29;h;2,00;4;0
19,60;39;m;2,00;2;1
17,60;40;h;2,00;1;0
9,50;56;m;1,00;3;0
44,20;36;m;4,00;5;0
18,50;33;m;2,00;2;0
22,60;42;h;2,00;4;1
13,90;28;h;2,00;3;0
34,00;45;m;3,00;2;1
14,00;28;h;2,00;1;0
10,30;21;m;1,00;3;0
92,80;52;h;4,00;2;1
74,40;42;h;4,00;2;0
52,80;50;h;4,00;1;1
13,00;26;m;2,00;3;0
34,60;42;m;3,00;4;0
74,60;69;h;4,00;2;0
14,10;34;m;2,00;1;1
50,00;58;m;4,00;1;1
52,50;69;m;4,00;4;0
14,90;37;m;2,00;1;0
50,90;28;m;4,00;4;1
45,10;59;h;4,00;3;0
14,20;35;h;2,00;2;1
7,50;26;h;1,00;2;1
18,60;37;m;2,00;5;1
9,40;38;h;1,00;4;0
7,40;30;m;1,00;2;1
14,80;53;m;2,00;2;0
25,50;61;h;3,00;1;0
10,90;41;h;1,00;5;1
16,00;39;m;2,00;1;1
32,70;34;h;3,00;2;1
16,30;33;m;2,00;2;0
11,60;31;m;1,00;2;0
19,80;39;m;2,00;2;0
45,70;25;m;4,00;3;1
81,30;56;h;4,00;3;0
21,50;38;m;2,00;3;1
13,00;41;h;2,00;3;1
95,30;49;h;4,00;4;0
15,80;31;m;2,00;4;0
68,60;61;m;4,00;2;1
12,90;33;h;2,00;4;1
9,90;64;h;1,00;3;0
75,40;54;m;4,00;4;0
12,90;39;m;2,00;1;1
11,70;33;h;1,00;3;0
74,00;35;m;4,00;4;0
28,10;40;m;3,00;3;1
18,60;20;h;2,00;3;1
72,40;60;h;4,00;1;0
9,50;32;h;1,00;2;0
65,10;42;h;4,00;3;1
22,20;24;h;2,00;3;0
19,30;28;h;2,00;1;1
7,50;30;m;1,00;2;1
43,50;48;m;4,00;5;1
19,80;38;h;2,00;4;0
33,80;37;h;3,00;2;1
52,50;64;h;4,00;2;1
19,10;50;m;2,00;4;1
83,90;40;m;4,00;2;0
18,90;25;h;2,00;4;0
11,60;39;h;1,00;1;0
79,90;57;h;4,00;2;0
36,70;53;m;3,00;1;0
42,90;53;h;4,00;3;1
23,20;46;h;2,00;2;0
53,80;66;h;4,00;3;0
17,20;21;h;2,00;3;1
26,40;52;m;3,00;1;0
13,20;34;m;2,00;4;0
96,00;58;m;4,00;2;0
17,80;42;h;2,00;5;1
10,80;45;h;1,00;1;0
31,50;50;h;3,00;2;0
30,30;51;h;3,00;1;0
41,70;41;h;4,00;3;1
28,40;46;m;3,00;2;0
38,40;60;h;4,00;1;0
33,80;53;h;3,00;1;1
18,00;46;h;2,00;2;1
15,10;37;m;2,00;2;1
11,80;52;h;1,00;1;1
86,30;61;h;4,00;2;0
81,00;61;h;4,00;4;0
42,90;47;m;4,00;1;0
22,80;33;m;2,00;2;1
13,40;55;h;2,00;4;0
44,60;48;m;4,00;2;0
27,50;60;m;3,00;2;0
24,40;46;h;3,00;4;1
31,20;40;m;3,00;3;0
18,00;28;h;2,00;4;0
54,90;49;m;4,00;1;1
80,30;59;h;4,00;3;0
13,90;28;m;2,00;1;0
4,30;63;m;1,00;2;1
13,50;37;m;2,00;4;0
25,80;39;h;3,00;3;1
18,50;47;h;2,00;2;0
19,80;57;h;2,00;1;1
48,80;44;m;4,00;3;1
26,20;30;m;3,00;4;0
13,40;38;h;2,00;2;1
56,30;34;h;4,00;1;1
63,50;49;h;4,00;1;0
74,10;58;h;4,00;2;1
33,60;46;h;3,00;4;1
45,40;54;h;4,00;1;0
17,10;28;m;2,00;2;0
70,60;51;h;4,00;2;0
24,30;32;m;3,00;1;1
27,20;48;m;3,00;3;0
18,90;49;m;2,00;2;1
19,60;36;h;2,00;4;0
23,40;44;m;2,00;2;0
64,00;60;m;4,00;1;0
16,70;32;m;2,00;3;1
32,80;35;h;3,00;2;1
24,40;38;m;3,00;1;1
42,10;33;m;4,00;4;1
23,70;46;m;2,00;2;1
18,70;41;h;2,00;1;1
45,00;65;m;4,00;1;1
12,60;55;h;2,00;2;1
18,70;45;m;2,00;1;1
4,50;73;h;1,00;3;1
92,60;40;m;4,00;3;0
13,70;59;m;2,00;1;0
7,30;19;h;1,00;2;0
41,90;36;m;4,00;5;1
24,00;31;m;2,00;4;0
14,50;47;m;2,00;4;1
15,30;28;m;2,00;3;1
12,70;44;h;2,00;3;0
54,20;49;h;4,00;2;1
24,20;31;h;2,00;2;0
25,00;25;m;3,00;3;0
20,50;37;m;2,00;2;0
9,40;37;m;1,00;2;1
76,80;48;h;4,00;4;1
20,60;54;m;2,00;3;0
16,60;49;h;2,00;2;0
22,70;36;h;2,00;3;0
12,60;44;h;2,00;4;0
20,10;62;m;2,00;3;1
86,10;44;m;4,00;1;1
9,30;32;h;1,00;3;1
49,90;52;h;4,00;3;1
13,30;45;m;2,00;3;0
20,00;37;m;2,00;3;0
15,70;31;h;2,00;4;0
39,70;52;m;4,00;2;1
13,30;60;h;2,00;1;0
13,40;39;h;2,00;5;1
18,10;51;m;2,00;2;0
17,10;50;m;2,00;1;1
37,90;56;m;4,00;4;1
54,80;44;h;4,00;4;0
30,80;42;m;3,00;3;1
30,40;42;m;3,00;3;0
18,30;28;h;2,00;2;0
69,50;65;m;4,00;3;1
48,80;41;m;4,00;4;0
16,00;33;m;2,00;3;0
18,50;24;h;2,00;1;0
13,70;42;m;2,00;4;0
10,40;28;m;1,00;1;0
19,90;34;h;2,00;3;0
24,40;29;h;2,00;4;1
19,80;65;h;2,00;2;0
8,90;28;h;1,00;1;1
21,70;37;m;2,00;3;0
70,00;59;h;4,00;3;0
36,70;41;m;3,00;3;0
33,10;65;h;3,00;3;1
74,00;40;h;4,00;4;0
13,50;29;m;2,00;4;1
23,20;51;h;2,00;1;0
11,60;49;h;1,00;3;1
8,50;24;h;1,00;2;0
37,10;33;h;3,00;2;0
25,90;47;h;3,00;3;0
31,10;30;h;3,00;1;1
22,70;36;m;2,00;2;1
39,50;50;h;4,00;3;1
20,50;43;h;2,00;2;0
16,10;27;m;2,00;2;1
16,70;28;h;2,00;3;0
17,60;33;m;2,00;3;1
24,00;34;m;2,00;4;0
22,10;59;h;2,00;2;0
11,80;72;h;1,00;3;1
45,50;45;m;4,00;2;1
18,00;42;h;2,00;3;1
85,70;62;m;4,00;1;0
49,50;58;m;4,00;1;0
64,80;46;m;4,00;1;1
15,50;22;h;2,00;2;0
12,50;36;h;2,00;4;0
11,40;28;h;1,00;2;0
11,80;70;m;1,00;1;0
51,40;48;m;4,00;1;0
33,90;36;m;3,00;2;0
10,40;70;h;1,00;1;0
26,30;23;m;3,00;3;0
75,20;56;h;4,00;1;1
20,80;46;h;2,00;1;1
19,10;49;h;2,00;3;0
17,20;42;h;2,00;4;0
9,10;22;m;1,00;2;1
17,90;39;m;2,00;1;1
61,00;62;h;4,00;1;0
21,60;49;h;2,00;4;0
65,20;61;h;4,00;5;1
25,20;47;m;3,00;4;0
17,90;35;h;2,00;2;0
18,60;35;m;2,00;2;1
33,90;43;h;3,00;2;1
25,40;52;h;3,00;4;1
46,50;57;m;4,00;2;1
28,40;47;h;3,00;3;0
12,90;41;h;2,00;3;0
26,10;29;h;3,00;3;0
25,60;46;m;3,00;4;1
22,90;29;m;2,00;4;1
12,20;54;m;2,00;4;0
13,40;27;h;2,00;1;1
83,90;45;h;4,00;4;1
20,10;39;m;2,00;4;1
14,20;28;h;2,00;2;0
18,10;24;m;2,00;3;1
75,30;67;m;4,00;5;1
36,40;58;h;3,00;2;1
23,50;45;m;2,00;4;0
10,70;38;m;1,00;5;0
27,70;34;h;3,00;1;1
11,10;29;m;1,00;2;0
25,60;26;m;3,00;2;0
9,30;39;h;1,00;1;1
14,90;34;m;2,00;2;0
25,90;42;m;3,00;3;1
15,60;42;h;2,00;2;1
11,60;27;h;1,00;2;0
40,70;52;h;4,00;2;1
48,80;46;h;4,00;5;1
23,00;34;m;2,00;3;0
12,90;37;m;2,00;2;1
54,00;49;h;4,00;3;0
14,70;31;m;2,00;5;1
41,50;31;h;4,00;4;1
16,30;42;h;2,00;1;0
18,70;44;m;2,00;3;1
14,60;39;m;2,00;1;0
60,00;41;m;4,00;4;0
9,00;30;h;1,00;5;1
76,90;43;h;4,00;3;1
78,50;52;h;4,00;1;1
35,80;29;m;3,00;4;1
33,40;51;h;3,00;3;0
15,60;26;h;2,00;1;0
64,10;40;h;4,00;3;0
81,60;66;h;4,00;1;0
67,80;52;m;4,00;3;0
27,40;66;h;3,00;1;1
70,10;47;m;4,00;4;0
15,60;31;h;2,00;4;0
15,10;24;h;2,00;4;1
48,70;45;h;4,00;4;1
33,40;37;m;3,00;1;0
15,60;25;m;2,00;4;1
20,60;31;h;2,00;5;1
29,70;41;m;3,00;4;0
13,70;50;m;2,00;1;0
14,40;53;h;2,00;2;1
19,70;51;m;2,00;2;0
12,60;41;h;2,00;4;1
92,30;54;m;4,00;2;0
49,00;46;m;4,00;4;1
48,00;47;m;4,00;2;1
73,40;62;h;4,00;1;1
31,70;38;h;3,00;5;0
22,00;38;m;2,00;1;1
16,50;43;h;2,00;4;0
16,00;34;h;2,00;2;0
14,90;44;h;2,00;4;0
52,40;44;h;4,00;2;1
27,80;44;m;3,00;4;1
15,80;33;m;2,00;2;1
29,70;55;m;3,00;4;0
23,70;38;m;3,00;3;1
15,90;37;m;2,00;1;1
42,10;64;m;4,00;2;1
69,70;57;h;4,00;5;1
24,10;51;h;2,00;5;0
20,30;45;h;2,00;4;0
11,20;35;m;1,00;2;0
22,80;33;h;2,00;1;0
32,40;46;m;3,00;1;0
31,90;61;m;3,00;1;0
45,50;57;m;4,00;2;1
13,70;35;m;2,00;4;1
95,00;37;h;4,00;4;1
93,40;52;m;4,00;1;1
16,80;52;h;2,00;2;1
25,00;64;h;3,00;3;1
11,80;46;h;1,00;3;0
19,40;33;h;2,00;2;0
28,80;39;h;3,00;1;1
71,50;51;h;4,00;4;0
7,80;74;h;1,00;1;1
9,00;31;h;1,00;2;0
16,00;34;m;2,00;1;0
42,10;45;h;4,00;3;0
22,50;33;m;2,00;4;0
11,70;29;m;1,00;1;1
64,30;44;h;4,00;4;0
47,30;50;h;4,00;4;1
44,70;36;m;4,00;2;0
64,90;45;m;4,00;4;0
9,50;21;m;1,00;3;1
8,90;24;h;1,00;3;0
9,80;40;m;1,00;4;1
15,60;43;h;2,00;2;1
65,00;45;h;4,00;4;0
72,80;44;m;4,00;5;1
13,10;27;m;2,00;4;1
12,40;27;m;2,00;1;1
12,50;45;h;2,00;1;1
30,30;70;h;3,00;3;1
80,30;52;h;4,00;4;1
9,50;34;m;1,00;4;1
34,20;36;h;3,00;4;0
37,20;38;h;3,00;1;1
81,40;53;m;4,00;4;0
31,20;45;m;3,00;2;1
15,00;39;m;2,00;1;0
78,60;57;m;4,00;2;1
86,90;47;m;4,00;1;1
13,50;55;h;2,00;3;1
78,70;54;m;4,00;2;0
29,20;39;m;3,00;3;1
43,00;38;h;4,00;4;0
35,40;42;h;3,00;2;1
28,70;51;m;3,00;2;0
8,40;56;m;1,00;3;1
9,30;35;m;1,00;1;1
13,50;25;h;2,00;4;0
21,00;32;h;2,00;3;0
9,10;23;h;1,00;2;1
34,50;43;h;3,00;4;1
18,80;35;m;2,00;3;1
41,80;45;m;4,00;4;1
50,20;71;h;4,00;1;1
30,60;36;h;3,00;5;1
12,90;29;m;2,00;1;1
25,90;42;h;3,00;1;0
22,10;28;h;2,00;5;1
50,10;44;m;4,00;4;1
75,20;42;h;4,00;2;0
7,60;25;h;1,00;1;1
14,50;34;m;2,00;1;1
18,10;46;m;2,00;2;1
11,00;28;m;1,00;1;0
21,70;35;h;2,00;2;1
15,10;34;m;2,00;4;0
77,30;51;h;4,00;4;0
33,90;43;m;3,00;2;1
13,20;26;m;2,00;4;1
64,00;59;h;4,00;2;0
23,30;69;m;2,00;4;0
21,20;44;m;2,00;3;1
93,90;63;h;4,00;3;1
23,20;41;m;2,00;2;1
79,10;56;m;4,00;1;0
13,90;39;h;2,00;2;0
24,00;34;h;2,00;4;0
75,30;50;h;4,00;2;1
10,60;26;m;1,00;2;1
13,90;24;m;2,00;1;1
9,00;24;m;1,00;2;0
10,60;25;m;1,00;2;1
21,00;31;m;2,00;3;1
64,10;55;h;4,00;2;0
51,30;52;m;4,00;2;0
28,20;57;h;3,00;3;1
37,00;49;m;4,00;5;0
11,40;38;m;1,00;4;1
19,30;33;h;2,00;3;0
35,90;52;h;3,00;4;1
17,70;30;h;2,00;2;0
20,50;52;m;2,00;1;1
12,80;24;h;2,00;1;0
10,70;22;m;1,00;1;1
16,70;28;m;2,00;4;0
22,50;50;h;2,00;2;0
10,20;36;h;1,00;2;0
18,30;34;h;2,00;4;0
87,50;45;m;4,00;2;1
15,90;50;m;2,00;1;0
45,70;37;m;4,00;4;1
45,00;44;m;4,00;2;0
22,30;61;m;2,00;3;0
34,30;46;h;3,00;4;1
10,00;40;m;1,00;3;0
6,90;20;h;1,00;1;1
27,10;28;m;3,00;1;1
9,50;35;m;1,00;1;1
16,00;50;m;2,00;4;0
14,10;31;h;2,00;2;0
28,90;32;h;3,00;4;0
14,50;26;h;2,00;4;0
23,80;32;m;2,00;4;0
39,10;44;m;4,00;3;1
22,90;54;h;2,00;1;1
64,40;46;h;4,00;2;0
24,30;56;h;2,00;1;1
39,00;35;h;4,00;2;0
18,20;31;h;2,00;3;0
16,50;35;m;2,00;4;0
7,00;66;h;1,00;5;0
22,60;51;m;2,00;2;0
30,40;42;h;3,00;5;1
32,30;54;m;3,00;2;0
11,20;20;m;1,00;2;1
10,00;22;m;1,00;2;0
70,50;53;m;4,00;5;0
33,90;39;m;3,00;3;0
19,00;41;m;2,00;1;0
11,60;31;h;1,00;3;1
16,80;37;h;2,00;1;0
22,70;29;h;2,00;2;0
38,10;40;m;3,00;4;0
12,70;32;h;2,00;2;0
37,70;46;h;4,00;2;0
30,90;40;h;3,00;2;1
14,50;29;h;2,00;3;0
57,60;37;m;4,00;4;1
7,40;59;h;1,00;1;1
33,30;51;m;3,00;1;1
8,70;21;h;1,00;3;1
24,30;46;h;2,00;1;0
13,40;32;h;2,00;2;0
12,70;27;m;2,00;3;0
11,30;25;h;1,00;2;1
15,10;58;h;2,00;3;0
59,70;52;m;4,00;3;1
25,40;34;m;3,00;3;1
10,20;29;h;1,00;3;0
23,70;59;m;2,00;4;0
11,90;24;h;1,00;4;1
28,60;42;h;3,00;2;0
8,90;28;m;1,00;3;0
19,20;48;m;2,00;1;1
19,10;36;m;2,00;1;1
31,10;46;h;3,00;4;1
13,70;23;m;2,00;3;0
38,30;65;h;4,00;3;0
9,20;23;h;1,00;1;1
19,10;59;m;2,00;1;0
23,50;34;h;2,00;1;0
15,30;31;h;2,00;3;1
10,50;71;m;1,00;2;1
13,70;55;m;2,00;3;0
13,40;40;m;2,00;3;0
41,50;38;h;4,00;1;0
7,80;24;m;1,00;4;1
30,20;44;h;3,00;1;0
15,30;62;m;2,00;2;0
9,30;33;h;1,00;4;0
16,60;44;h;2,00;1;1
29,70;52;m;3,00;2;1
30,30;35;m;3,00;3;0
5,50;64;h;1,00;2;0
89,80;53;m;4,00;2;0
70,60;39;m;4,00;4;1
50,20;63;m;4,00;4;1
22,50;45;m;2,00;2;1
45,00;52;h;4,00;1;0
41,00;51;h;4,00;3;0
30,40;37;h;3,00;5;0
18,70;30;h;2,00;2;0
35,00;54;h;3,00;2;0
74,40;43;m;4,00;2;0
16,60;39;h;2,00;2;0
27,40;42;h;3,00;4;0
9,00;24;m;1,00;4;1
10,60;25;h;1,00;2;1
41,60;41;m;4,00;5;1
77,90;55;h;4,00;4;1
11,30;28;h;1,00;4;0
18,40;31;h;2,00;4;0
57,50;48;h;4,00;3;1
26,10;34;h;3,00;3;1
53,90;39;h;4,00;2;0
16,50;42;m;2,00;3;0
15,60;34;m;2,00;3;1
12,10;24;m;2,00;2;0
66,90;48;h;4,00;5;0
23,50;46;h;2,00;1;0
21,80;31;h;2,00;1;0
20,90;43;m;2,00;3;1
26,40;37;h;3,00;2;1
18,70;48;m;2,00;2;1
16,00;30;h;2,00;4;0
31,70;43;h;3,00;1;1
68,50;31;m;4,00;3;1
20,10;46;m;2,00;4;0
19,80;34;m;2,00;3;0
43,30;51;m;4,00;4;0
79,30;62;m;4,00;4;1
42,00;36;m;4,00;2;1
20,50;31;m;2,00;2;1
23,20;33;m;2,00;4;0
19,50;56;m;2,00;4;1
48,10;34;m;4,00;2;1
58,90;41;m;4,00;2;1
30,80;45;m;3,00;2;0
15,20;29;m;2,00;2;1
28,70;38;m;3,00;1;0
4,40;66;m;1,00;1;1
29,70;69;h;3,00;2;1
78,10;66;m;4,00;3;0
62,50;55;h;4,00;2;1
45,00;39;m;4,00;4;1
9,50;26;m;1,00;3;1
11,50;44;m;1,00;2;0
10,60;25;m;1,00;2;1
53,70;43;m;4,00;2;0
16,40;24;h;2,00;3;0
72,80;52;h;4,00;3;1
15,80;44;m;2,00;4;0
9,60;40;m;1,00;1;0
14,10;39;h;2,00;1;0
11,50;52;m;1,00;1;1
11,30;37;h;1,00;4;1
15,80;27;m;2,00;4;1
36,20;45;h;3,00;4;1
7,90;23;m;1,00;2;1
67,80;50;h;4,00;3;1
55,40;30;m;4,00;4;1
31,90;65;m;3,00;4;0
49,20;63;h;4,00;3;0
34,90;36;m;3,00;1;0
10,30;28;m;1,00;2;0
65,70;54;h;4,00;2;1
52,40;51;m;4,00;3;1
11,00;22;h;1,00;4;0
27,40;46;h;3,00;3;1
13,20;63;h;2,00;3;1
31,00;44;m;3,00;1;0
74,20;59;m;4,00;2;0
60,80;49;m;4,00;1;0
43,20;69;h;4,00;3;1
28,60;39;m;3,00;2;1
33,80;37;h;3,00;2;1
82,70;41;h;4,00;4;1
16,70;19;m;2,00;2;1
41,80;46;h;4,00;2;0
15,90;44;m;2,00;2;0
33,60;39;m;3,00;3;0
37,40;27;h;4,00;5;1
62,10;42;m;4,00;2;1
20,40;50;h;2,00;4;1
19,00;41;m;2,00;3;1
22,50;51;m;2,00;4;1
16,10;33;m;2,00;2;1
15,40;34;m;2,00;2;1
27,90;44;m;3,00;5;0
39,50;67;h;4,00;2;1
72,90;46;m;4,00;4;1
9,90;50;h;1,00;2;0
35,90;50;h;3,00;1;1
18,10;57;m;2,00;2;1
93,80;48;h;4,00;2;0
24,50;45;m;2,00;2;1
65,70;51;h;4,00;1;0
30,60;50;m;3,00;3;0
11,70;22;h;1,00;2;0
72,50;62;h;4,00;1;1
16,80;46;m;2,00;1;0
11,00;41;h;1,00;3;0
40,50;57;m;4,00;1;1
36,80;49;m;3,00;1;0
50,60;41;h;4,00;5;1
10,10;20;h;1,00;3;0
22,00;44;m;2,00;4;1
89,60;56;m;4,00;1;0
46,00;37;h;4,00;3;1
36,10;43;m;3,00;3;1
19,70;35;h;2,00;4;0
54,80;51;h;4,00;3;1
38,20;34;h;4,00;2;0
24,60;48;h;2,00;2;1
19,60;35;h;2,00;5;1
18,70;30;m;2,00;4;1
12,70;32;m;2,00;2;0
11,90;31;m;1,00;4;1
22,70;49;m;2,00;2;0
8,60;62;m;1,00;1;0
5,60;23;h;1,00;4;0
11,00;42;m;1,00;3;1
76,40;58;m;4,00;2;0
16,70;38;m;2,00;2;0
61,90;43;h;4,00;2;1
36,50;47;h;4,00;2;1
37,20;36;h;3,00;2;1
16,70;29;h;2,00;4;1
19,50;34;m;2,00;2;1
41,30;49;h;4,00;3;0
37,70;38;h;4,00;2;1
50,40;43;h;4,00;1;0
93,60;51;m;4,00;3;0
96,60;43;h;4,00;4;0
15,30;48;h;2,00;2;1
25,30;33;h;3,00;2;0
75,80;40;h;4,00;4;0
15,30;53;h;2,00;4;1
42,80;34;m;4,00;5;0
15,40;63;h;2,00;3;0
40,80;44;m;4,00;4;1
8,40;37;h;1,00;1;0
33,90;47;m;3,00;3;1
16,80;38;m;2,00;1;0
58,30;58;m;4,00;1;0
19,70;33;m;2,00;2;0
24,00;31;h;2,00;2;0
13,80;30;h;2,00;4;1
75,00;51;m;4,00;3;0
69,60;47;m;4,00;2;1
39,70;48;m;4,00;3;1
26,80;33;h;3,00;5;1
13,60;24;h;2,00;2;1
9,40;19;h;1,00;1;0
70,30;50;h;4,00;4;0
6,10;70;m;1,00;2;0
17,20;43;m;2,00;2;1
12,30;28;h;2,00;2;0
33,10;47;h;3,00;2;1
14,00;53;m;2,00;1;1
50,60;39;m;4,00;4;0
18,90;64;h;2,00;4;1
42,30;31;h;4,00;3;0
15,80;33;m;2,00;3;0
24,90;42;m;3,00;3;1
22,60;73;m;2,00;4;0
98,30;33;h;4,00;4;1
32,70;33;m;3,00;3;1
9,20;26;m;1,00;3;0
18,10;35;h;2,00;4;0
52,40;47;m;4,00;5;0
13,60;23;m;2,00;4;1
13,60;23;m;2,00;3;1
25,40;57;h;2,00;2;0
6,00;60;h;1,00;4;0
10,20;61;m;1,00;2;0
31,10;48;h;3,00;4;0
21,50;39;m;2,00;3;1
30,00;54;m;3,00;1;1
11,70;40;h;1,00;3;0
63,60;43;h;4,00;4;0
12,80;35;m;2,00;2;1
26,10;47;h;3,00;4;1
18,60;37;m;2,00;4;0
11,60;26;m;1,00;2;1
72,70;49;m;4,00;3;0
13,90;56;m;2,00;3;1
21,70;38;h;2,00;2;1
34,60;31;m;3,00;4;0
19,00;53;h;2,00;2;1
25,50;35;m;3,00;1;0
8,00;25;m;1,00;2;1
5,70;65;h;1,00;2;1
15,60;55;h;2,00;2;1
17,00;30;m;2,00;2;0
47,60;33;m;4,00;4;0
15,80;45;m;2,00;4;1
25,50;34;h;3,00;1;0
11,20;24;h;1,00;3;1
21,10;37;m;2,00;1;0
19,70;23;h;2,00;1;0
35,30;50;h;3,00;2;1
32,10;36;m;3,00;3;1
12,20;32;m;2,00;3;1
18,40;36;m;2,00;4;0
49,00;50;h;4,00;4;1
32,00;36;m;3,00;1;0
10,20;46;m;1,00;3;0
19,30;35;h;2,00;2;0
15,90;34;m;2,00;4;1
19,00;54;m;2,00;1;1
7,90;64;h;1,00;3;1
35,30;59;m;3,00;3;1
16,00;36;m;2,00;2;1
10,70;40;h;1,00;4;0
42,50;55;m;4,00;5;0
13,40;21;m;2,00;3;0
71,70;68;h;4,00;2;1
29,50;41;h;3,00;4;1
14,30;54;h;2,00;2;0
17,40;39;m;2,00;2;0
69,30;59;m;4,00;3;0
30,10;26;m;3,00;4;1
14,90;41;h;2,00;2;0
9,50;23;h;1,00;2;1
19,80;33;m;2,00;2;0
20,60;34;m;2,00;4;1
6,90;22;h;1,00;3;1
11,80;40;m;1,00;1;1
30,30;36;m;3,00;5;1
19,10;43;m;2,00;2;1
18,10;27;m;2,00;4;0
49,70;49;h;4,00;5;0
19,30;40;h;2,00;4;0
16,30;30;h;2,00;3;0
92,60;50;m;4,00;1;0
92,50;54;m;4,00;4;1
77,50;61;m;4,00;1;0
53,00;35;h;4,00;4;1
18,40;32;m;2,00;5;0
18,10;28;m;2,00;3;0
7,40;61;h;1,00;1;1
11,90;31;m;2,00;5;0
20,80;65;h;2,00;4;0
15,80;31;m;2,00;5;0
74,30;50;m;4,00;3;1
78,60;55;h;4,00;2;1
39,30;36;h;4,00;4;1
31,50;41;m;3,00;2;1
42,70;70;m;4,00;2;0
75,70;57;m;4,00;1;0
18,80;42;m;2,00;1;0
13,10;49;m;2,00;2;1
16,30;20;h;2,00;3;0
26,00;35;m;3,00;1;1
30,80;42;m;3,00;1;1
12,70;32;h;2,00;1;1
74,00;49;m;4,00;4;0
98,50;43;h;4,00;4;0
17,70;41;h;2,00;1;1
19,40;32;h;2,00;2;0
34,60;39;m;3,00;2;0
45,50;49;m;4,00;2;1
54,10;49;h;4,00;2;0
89,70;53;m;4,00;3;0
42,50;47;h;4,00;2;0
11,00;38;m;1,00;2;1
10,70;31;m;1,00;3;0
7,90;26;m;1,00;5;1
59,70;50;m;4,00;3;1
17,20;40;h;2,00;2;0
21,90;60;h;2,00;3;1
4,90;65;m;1,00;4;0
36,40;56;h;3,00;1;0
26,90;31;m;3,00;4;1
39,50;44;h;4,00;4;0
13,00;69;h;2,00;4;0
14,70;37;m;2,00;1;0
12,60;40;m;2,00;2;0
9,40;43;m;1,00;2;1
16,30;39;m;2,00;3;1
10,30;34;m;1,00;3;1
15,10;31;h;2,00;4;0
47,80;53;m;4,00;4;0
14,70;43;h;2,00;2;0
19,30;36;h;2,00;3;1
12,70;27;h;2,00;3;0
14,30;62;m;2,00;1;1
15,40;27;h;2,00;2;0
28,00;41;m;3,00;2;0
45,20;66;h;4,00;1;0
53,40;36;h;4,00;4;1
18,60;39;m;2,00;3;0
7,90;28;m;1,00;3;0
19,20;31;m;2,00;1;0
8,40;28;h;1,00;1;1
9,10;43;m;1,00;1;0
48,10;41;h;4,00;5;1
17,80;67;m;2,00;3;0
11,90;31;h;1,00;3;0
30,40;44;m;3,00;2;1
22,00;50;h;2,00;2;0
77,50;52;m;4,00;4;0
24,40;40;h;3,00;4;1
12,70;19;h;2,00;2;0
27,10;24;h;3,00;3;1
16,90;48;h;2,00;1;0
66,70;56;h;4,00;2;0
64,60;63;m;4,00;1;1
75,00;56;h;4,00;1;1
31,40;61;h;3,00;4;0
77,40;54;m;4,00;3;0
10,60;44;h;1,00;4;1
18,20;44;h;2,00;3;0
17,60;26;m;2,00;4;0
55,90;47;h;4,00;5;1
19,60;34;m;2,00;2;0
9,80;33;m;1,00;3;1
12,70;37;m;2,00;1;0
18,20;53;h;2,00;2;1
19,50;35;m;2,00;2;0
13,70;63;h;2,00;1;0
16,60;36;m;2,00;3;0
15,10;57;h;2,00;2;0
18,50;54;m;2,00;1;1
26,60;36;m;3,00;2;1
77,90;51;m;4,00;1;1
12,10;54;h;1,00;1;1
85,50;41;m;4,00;3;1
41,10;48;h;4,00;1;0
89,00;61;m;4,00;4;1
16,80;29;h;2,00;5;1
12,70;33;m;2,00;1;1
38,10;49;h;4,00;1;1
8,90;27;m;1,00;1;1
45,20;37;h;4,00;5;1
17,00;26;m;2,00;3;1
32,70;33;m;3,00;2;0
52,60;52;m;4,00;3;1
69,40;43;m;4,00;4;1
27,50;52;m;3,00;1;1
61,00;58;m;4,00;2;1
30,50;45;m;3,00;4;1
23,90;32;m;2,00;5;0
21,90;36;h;2,00;5;0
79,00;44;m;4,00;4;1
31,50;37;m;3,00;1;0
19,60;41;m;2,00;2;1
17,40;50;h;2,00;4;0
23,80;44;m;2,00;2;0
65,20;58;m;4,00;5;1
29,40;36;m;3,00;3;1
21,50;30;h;2,00;5;0
31,00;37;m;3,00;3;0
23,50;51;h;2,00;2;1
39,70;47;m;4,00;2;1
41,70;53;m;4,00;2;0
32,00;56;m;3,00;1;0
4,90;65;h;1,00;1;1
20,80;43;h;2,00;4;0
14,20;44;h;2,00;2;1
15,50;58;h;2,00;2;1
95,00;57;h;4,00;1;1
75,60;41;h;4,00;2;1
34,30;46;h;3,00;4;1
20,90;40;m;2,00;2;1
13,20;19;h;2,00;2;0
35,80;40;m;3,00;1;0
14,50;34;m;2,00;4;1
7,80;27;h;1,00;1;0
18,20;40;h;2,00;4;0
10,20;53;h;1,00;1;1
10,70;20;h;1,00;2;0
74,40;39;h;4,00;4;0
5,40;59;h;1,00;1;0
12,30;28;h;2,00;4;1
8,90;29;m;1,00;1;1
74,40;54;m;4,00;2;1
21,50;31;m;2,00;3;1
34,50;36;h;3,00;4;1
14,60;34;m;2,00;3;1
68,10;46;m;4,00;4;0
21,90;33;h;2,00;2;1
15,50;33;m;2,00;1;0
60,80;48;h;4,00;3;0
12,20;69;h;1,00;1;1
70,80;41;m;4,00;2;0
10,80;37;m;1,00;4;1
24,90;42;m;3,00;3;1
12,70;19;m;2,00;2;0
18,20;39;m;2,00;1;1
27,30;55;m;3,00;4;0
43,50;29;m;4,00;4;1
6,80;27;m;1,00;5;1
58,30;45;m;4,00;5;0
50,00;39;h;4,00;3;0
20,50;49;m;2,00;3;0
22,70;62;h;2,00;5;0
7,50;28;m;1,00;3;1
12,50;38;m;2,00;1;1
5,80;21;h;1,00;3;0
11,10;26;h;1,00;5;1
22,20;34;h;2,00;2;0
13,80;24;h;2,00;2;1
18,10;36;m;2,00;4;0
15,20;44;m;2,00;4;0
76,70;52;h;4,00;1;0
76,50;67;h;4,00;2;1
36,40;50;h;3,00;4;1
15,90;37;h;2,00;2;0
43,50;42;m;4,00;2;0
12,10;54;m;2,00;1;1
14,60;27;h;2,00;2;0
62,30;58;m;4,00;1;1
24,00;61;h;3,00;4;1
47,80;37;h;4,00;4;0
17,90;47;m;2,00;1;0
16,30;38;h;2,00;2;0
25,90;37;h;3,00;4;1
16,50;31;h;2,00;2;1
21,10;38;m;2,00;2;1
16,90;58;m;2,00;4;0
32,30;53;h;3,00;3;1
16,30;44;h;2,00;4;0
29,70;57;h;3,00;3;0
15,90;43;h;2,00;1;1
71,80;57;h;4,00;1;0
12,00;30;m;1,00;1;1
18,00;43;m;2,00;1;0
14,10;37;m;2,00;5;1
36,30;33;m;3,00;2;0
14,20;23;m;2,00;2;1
29,40;46;h;3,00;5;0
15,70;26;m;2,00;4;0
10,70;25;m;1,00;3;0
15,20;44;h;2,00;2;1
12,20;24;m;1,00;4;0
68,80;56;h;4,00;4;1
9,10;39;h;1,00;4;1
35,00;29;m;3,00;3;1
5,10;74;m;1,00;1;0
22,20;42;m;2,00;3;1
27,30;39;m;3,00;2;1
9,80;26;h;1,00;3;1
26,20;36;h;3,00;2;0
22,00;26;h;2,00;4;1
41,70;53;m;4,00;2;0
20,60;27;m;2,00;3;1
13,90;20;m;2,00;2;1
6,40;21;m;1,00;3;0
14,20;35;h;2,00;3;1
37,40;58;m;4,00;4;0
12,20;35;m;1,00;5;1
15,70;28;h;2,00;3;1
18,50;30;h;2,00;4;1
8,80;50;h;1,00;3;0
8,40;27;h;1,00;4;0
59,10;60;h;4,00;2;0
26,80;42;h;3,00;3;1
62,70;49;m;4,00;1;1
21,30;25;h;2,00;2;0
19,90;40;m;2,00;2;0
36,60;52;h;3,00;1;1
78,00;57;h;4,00;3;1
12,80;39;m;2,00;1;0
71,70;43;m;4,00;5;1
33,30;50;h;3,00;5;0
18,80;55;h;2,00;2;1
87,70;51;m;4,00;2;1
10,50;24;h;1,00;3;0
15,10;28;h;2,00;1;1
17,40;29;h;2,00;3;0
7,90;24;m;1,00;2;1
14,30;30;m;2,00;2;1
22,80;36;m;2,00;2;1
50,70;39;h;4,00;4;0
10,30;22;m;1,00;2;1
15,40;42;m;2,00;2;1
29,90;30;m;3,00;4;0
74,30;61;m;4,00;3;0
12,60;36;h;2,00;3;0
17,10;35;m;2,00;2;0
8,70;37;m;1,00;3;0
10,60;30;h;1,00;3;0
82,30;58;h;4,00;2;1
68,20;57;m;4,00;3;1
11,30;47;h;1,00;1;1
57,40;35;h;4,00;4;0
12,80;62;h;2,00;3;1
25,00;57;m;3,00;3;1
24,60;56;m;2,00;4;0
15,40;39;h;2,00;3;0
21,60;30;m;2,00;3;1
5,80;62;h;1,00;4;1
18,40;22;m;2,00;4;1
14,70;28;m;2,00;3;1
23,40;30;h;2,00;4;1
91,10;44;h;4,00;4;0
11,40;25;h;1,00;3;0
24,70;39;m;3,00;2;1
46,00;37;h;4,00;5;0
23,10;37;h;2,00;2;1
11,50;43;m;1,00;1;1
39,60;61;m;4,00;2;0
5,50;62;m;1,00;2;1
8,60;37;m;1,00;1;1
16,20;43;m;2,00;3;0
17,90;59;h;2,00;1;1
76,20;55;m;4,00;3;1
14,40;30;m;2,00;3;0
8,20;28;h;1,00;2;1
75,10;36;h;4,00;5;0
8,30;22;h;1,00;2;0
27,60;41;m;3,00;1;0
15,30;28;m;2,00;2;0
74,10;51;h;4,00;2;1
11,00;61;m;1,00;2;0
14,90;30;m;2,00;5;0
94,10;60;h;4,00;4;1
63,30;40;m;4,00;1;0
34,80;52;m;3,00;1;1
27,60;39;m;3,00;2;1
68,00;65;m;4,00;2;0
10,80;34;m;1,00;2;1
12,10;46;m;2,00;2;1
8,30;22;m;1,00;4;1
24,20;38;m;2,00;4;1
14,50;28;h;2,00;3;0
9,40;30;m;1,00;2;0
24,40;42;h;3,00;2;0
20,40;27;h;2,00;2;1
40,30;39;h;4,00;4;0
22,00;29;h;2,00;4;1
10,80;27;h;1,00;3;0
12,10;28;m;1,00;2;1
88,90;43;m;4,00;4;1
23,40;48;h;2,00;2;1
38,70;33;h;4,00;2;0
36,10;51;m;3,00;5;0
29,60;44;h;3,00;1;1
66,40;49;m;4,00;2;0
39,30;42;m;4,00;3;0
60,90;36;h;4,00;2;1
17,60;32;m;2,00;5;0
57,30;44;m;4,00;2;0
14,00;24;m;2,00;2;1
55,70;55;m;4,00;3;1
41,70;39;h;4,00;4;0
10,60;45;m;1,00;1;0
14,60;55;m;2,00;3;0
8,60;23;h;1,00;4;0
10,10;29;h;1,00;2;0
15,50;54;h;2,00;4;1
11,30;26;h;1,00;1;1
33,50;44;h;3,00;2;1
12,40;38;m;2,00;1;1
43,30;46;h;4,00;2;0
45,80;60;h;4,00;1;1
40,40;45;m;4,00;3;0
22,40;47;m;2,00;1;0
10,00;56;m;1,00;2;1
22,40;36;h;2,00;2;1
8,40;33;h;1,00;1;0
20,10;52;m;2,00;2;0
9,50;25;m;1,00;3;1
31,60;48;h;3,00;1;0
14,80;34;h;2,00;2;0
76,80;54;h;4,00;2;0
36,60;38;m;3,00;4;1
82,70;48;m;4,00;3;1
10,80;30;h;1,00;5;0
11,50;59;h;1,00;3;1
24,50;29;h;2,00;5;0
37,80;42;h;3,00;4;1
13,30;29;m;2,00;3;0
45,80;40;m;4,00;4;0
34,00;38;h;3,00;4;1
4,90;73;h;1,00;2;1
24,70;25;m;3,00;4;1
14,50;31;m;2,00;2;1
18,10;20;m;2,00;3;0
92,70;50;m;4,00;3;0
74,20;59;m;4,00;2;1
13,10;41;h;2,00;4;0
10,10;22;h;1,00;3;0
18,10;67;m;2,00;2;0
56,80;47;h;4,00;2;1
21,70;28;h;2,00;3;1
62,60;47;h;4,00;4;1
15,30;35;m;2,00;2;1
26,00;40;h;3,00;2;1
15,40;26;h;2,00;3;0
21,30;50;m;2,00;4;0
22,20;71;h;2,00;3;1
38,20;55;m;3,00;1;0
36,60;50;m;3,00;2;0
26,30;49;h;3,00;2;0
74,90;58;h;4,00;3;1
14,60;48;m;2,00;2;0
66,00;42;h;4,00;4;1
8,90;24;m;1,00;2;1
12,10;24;m;1,00;4;0
6,30;65;h;1,00;3;0
17,40;24;m;2,00;2;0
15,90;35;m;2,00;3;0
71,20;53;m;4,00;4;0
15,10;34;m;2,00;1;0
84,00;56;h;4,00;1;0
18,50;37;h;2,00;5;1
7,90;41;m;1,00;4;0
27,10;40;h;3,00;2;0
5,40;62;h;1,00;1;1
18,20;53;h;2,00;4;0
18,80;29;h;2,00;4;1
22,10;58;h;2,00;2;1
24,60;54;h;2,00;1;1
51,10;51;h;4,00;2;1
34,70;42;h;3,00;1;0
9,40;35;m;1,00;2;1
20,20;37;h;2,00;2;0
15,90;35;m;2,00;2;0
45,70;40;m;4,00;2;0
74,30;55;h;4,00;3;1
17,00;31;m;2,00;2;1
12,00;67;m;2,00;1;0
33,80;57;h;3,00;3;0
9,40;19;m;1,00;2;0
13,10;18;h;2,00;2;0
71,60;67;h;4,00;1;0
21,80;26;m;2,00;4;1
7,40;65;h;1,00;2;0
15,20;35;m;2,00;4;1
10,30;57;m;1,00;3;0
29,90;52;m;3,00;2;0
30,90;30;h;3,00;3;1
91,00;65;h;4,00;2;0
16,00;64;m;2,00;2;0
39,50;55;m;4,00;3;0
13,80;33;m;2,00;3;0
15,80;25;m;2,00;2;1
14,40;39;h;2,00;3;0
32,20;43;h;3,00;5;1
83,30;39;m;4,00;4;0
19,50;26;m;2,00;4;0
10,80;27;m;1,00;2;1
14,40;41;m;2,00;1;1
70,20;69;h;4,00;4;1
20,50;28;m;2,00;4;1
13,50;39;h;2,00;1;1
15,10;39;m;2,00;1;1
17,80;44;h;2,00;2;0
16,70;33;m;2,00;1;1
41,70;54;m;4,00;1;1
26,00;48;m;3,00;1;0
21,70;28;h;2,00;3;1
21,70;33;h;2,00;2;0
13,80;26;h;2,00;2;0
48,60;45;m;4,00;2;1
35,50;42;m;3,00;3;0
75,20;51;h;4,00;5;0
6,90;22;h;1,00;3;0
39,10;50;m;4,00;2;0
7,30;22;m;1,00;1;0
49,40;46;h;4,00;2;0
24,10;41;m;2,00;2;1
38,80;37;m;4,00;2;0
18,20;32;m;2,00;4;1
12,90;27;m;2,00;2;0
12,60;57;m;2,00;2;1
10,70;27;h;1,00;1;0
57,80;44;m;4,00;1;1
27,70;34;h;3,00;1;0
76,50;61;m;4,00;1;0
49,50;44;m;4,00;4;0
35,00;47;h;3,00;1;1
72,00;57;h;4,00;1;0
21,10;53;h;2,00;2;1
17,20;53;h;2,00;2;0
5,90;72;h;1,00;2;1
52,90;40;m;4,00;1;1
8,90;41;m;1,00;4;1
69,70;49;h;4,00;3;0
33,00;44;m;3,00;3;0
48,80;36;h;4,00;1;1
15,70;27;m;2,00;2;0
79,90;47;m;4,00;2;0
32,70;45;h;3,00;2;0
11,10;30;m;1,00;3;0
12,30;30;h;2,00;2;0
97,20;67;m;4,00;1;1
24,40;39;m;2,00;4;0
21,10;45;m;2,00;1;0
12,90;31;m;2,00;1;1
14,90;29;m;2,00;2;1
14,10;34;m;2,00;2;0
13,80;22;h;2,00;3;1
29,10;61;m;3,00;4;1
12,80;19;h;2,00;1;1
63,10;59;h;4,00;1;0
32,80;38;h;3,00;4;0
4,40;66;h;1,00;3;0
74,50;59;h;4,00;3;0
45,40;41;m;4,00;3;0
34,10;45;m;3,00;3;0
17,30;55;m;2,00;4;1
42,30;56;m;4,00;3;0
17,30;38;h;2,00;1;1
12,40;25;m;1,00;3;1
24,50;53;h;2,00;2;0
86,40;41;m;4,00;3;1
11,20;26;h;1,00;2;1
36,20;39;h;3,00;1;1
13,10;22;h;2,00;4;0
75,60;59;h;4,00;4;1
21,40;23;h;2,00;3;1
29,20;55;m;3,00;2;1
20,80;60;m;2,00;2;1
17,50;49;m;2,00;3;1
21,20;34;h;2,00;3;0
9,00;30;m;1,00;4;0
16,60;35;m;2,00;5;0
31,50;51;m;3,00;2;1
11,50;31;m;1,00;4;0
17,70;38;h;2,00;1;1
32,80;40;m;3,00;3;0
12,20;64;h;2,00;5;1
21,10;31;h;2,00;5;0
34,20;44;m;3,00;3;1
16,80;29;m;2,00;3;1
24,30;54;h;3,00;1;0
78,20;58;h;4,00;2;1
20,80;37;m;2,00;3;0
6,70;21;h;1,00;1;0
15,20;47;m;2,00;3;1
11,50;23;h;1,00;2;1
13,40;30;m;2,00;3;0
22,80;37;h;2,00;2;1
20,60;31;h;2,00;2;0
27,70;45;m;3,00;1;0
10,40;20;h;1,00;2;1
11,20;37;h;1,00;3;1
10,60;24;h;1,00;1;0
14,10;42;h;2,00;4;1
22,20;30;m;2,00;4;1
76,00;37;m;4,00;4;0
21,70;39;h;2,00;3;0
10,60;39;m;1,00;1;1
8,40;57;m;1,00;1;0
11,70;30;m;1,00;4;0
74,20;60;h;4,00;2;1
85,70;53;h;4,00;2;1
52,60;48;m;4,00;3;0
57,60;50;m;4,00;1;0
18,60;32;m;2,00;4;1
62,00;42;h;4,00;1;0
26,80;30;m;3,00;2;0
6,50;24;h;1,00;1;0
11,80;26;h;1,00;2;1
52,40;39;m;4,00;2;0
12,60;28;h;2,00;2;0
33,00;51;m;3,00;2;1
22,70;45;m;2,00;3;0
8,60;35;h;1,00;3;1
11,40;59;m;1,00;4;0
96,40;47;h;4,00;4;1
32,00;47;m;3,00;2;1
64,60;38;h;4,00;1;1
24,40;27;h;2,00;1;1
11,70;31;h;1,00;2;1
39,40;42;m;4,00;4;1
36,20;37;m;3,00;4;0
19,80;59;m;2,00;2;1
92,70;48;m;4,00;4;1
10,50;24;m;1,00;3;1
27,00;40;m;3,00;3;1
13,30;31;h;2,00;5;0
8,00;31;h;1,00;4;1
60,90;38;m;4,00;4;0
20,10;44;h;2,00;4;0
36,10;41;h;3,00;2;1
23,90;35;h;2,00;2;1
12,90;53;h;2,00;1;1
21,20;35;m;2,00;1;1
71,40;50;h;4,00;2;1
24,10;50;h;2,00;4;1
9,70;23;m;1,00;1;1
75,20;48;h;4,00;5;1
74,60;61;m;4,00;3;1
13,80;32;m;2,00;3;0
6,40;69;h;1,00;1;1
49,80;37;h;4,00;4;1
15,70;23;h;2,00;3;0
17,00;35;h;2,00;3;0
55,20;48;m;4,00;4;0
13,60;22;m;2,00;3;1
14,50;26;h;2,00;2;1
69,70;50;h;4,00;3;0
18,70;44;h;2,00;2;1
8,50;23;m;1,00;2;1
28,10;39;h;3,00;4;1
6,30;64;h;1,00;1;1
44,50;49;h;4,00;1;1
37,30;51;h;4,00;4;0
31,70;30;h;3,00;4;1
45,10;54;h;4,00;2;1
45,70;55;h;4,00;1;0
74,10;61;m;4,00;2;1
83,80;51;h;4,00;2;1
83,50;51;m;4,00;1;1
42,30;66;m;4,00;1;0
24,80;34;m;2,00;1;1
22,40;40;m;2,00;3;0
56,50;64;m;4,00;3;0
8,40;23;m;1,00;3;1
51,20;42;m;4,00;3;0
6,90;19;h;1,00;2;1
40,60;50;m;4,00;5;1
15,50;40;m;2,00;5;0
42,00;40;m;4,00;3;1
46,80;58;h;4,00;2;0
46,70;45;h;4,00;2;1
42,00;37;m;4,00;2;1
68,40;44;h;4,00;3;1
61,20;52;m;4,00;4;0
25,20;42;m;3,00;3;0
12,40;25;h;2,00;1;0
63,60;44;m;4,00;5;1
72,10;52;h;4,00;5;1
6,60;64;m;1,00;4;0
27,40;36;h;3,00;3;0
20,70;32;m;2,00;3;0
27,00;54;m;3,00;3;1
9,40;44;m;1,00;5;1
97,10;47;h;4,00;3;0
44,40;46;h;4,00;1;1
85,50;43;m;4,00;2;1
33,00;61;m;3,00;1;1
8,10;19;h;1,00;2;1
44,50;65;m;4,00;2;0
4,60;68;m;1,00;1;1
73,40;54;m;4,00;1;0
82,90;50;m;4,00;2;1
24,50;36;m;3,00;4;1
8,80;29;m;1,00;2;1
14,90;47;h;2,00;1;1
14,10;32;m;2,00;1;0
11,00;37;m;1,00;2;1
21,50;25;h;2,00;2;0
12,90;41;m;2,00;2;0
85,00;39;m;4,00;5;0
20,80;38;m;2,00;1;1
29,10;59;h;3,00;3;0
18,20;33;m;2,00;2;0
14,10;41;m;2,00;1;1
33,70;52;h;3,00;1;0
18,60;37;h;2,00;2;0
81,50;61;h;4,00;1;1
14,10;34;h;2,00;3;1
22,80;37;m;2,00;5;1
39,20;28;m;4,00;5;1
39,50;47;m;4,00;3;1
16,30;30;h;2,00;2;0
78,00;51;h;4,00;1;0
31,20;34;h;3,00;3;0
31,10;32;m;3,00;4;1
14,80;46;m;2,00;2;1
75,10;46;m;4,00;5;1
66,40;50;m;4,00;1;1
71,00;55;m;4,00;3;0
18,90;30;m;2,00;2;1
74,40;71;h;4,00;4;0
32,60;53;m;3,00;2;1
74,20;57;m;4,00;4;1
17,00;31;m;2,00;4;0
67,80;54;m;4,00;4;0
80,20;49;m;4,00;3;0
47,60;43;m;4,00;3;0
13,60;25;h;2,00;4;1
14,80;32;h;2,00;4;0
74,70;52;h;4,00;2;0
4,90;59;m;1,00;2;0
17,30;57;m;2,00;2;1
6,90;56;h;1,00;3;0
32,70;66;h;3,00;4;1
35,80;39;h;3,00;1;1
11,80;21;m;1,00;3;0
14,00;53;h;2,00;2;1
30,50;40;m;3,00;5;1
72,60;45;h;4,00;1;1
39,40;34;m;4,00;4;0
22,00;42;m;2,00;3;1
50,30;57;m;4,00;3;0
15,90;48;m;2,00;1;1
23,70;30;m;2,00;3;0
36,00;37;h;3,00;4;1
12,40;20;m;2,00;3;1
10,30;28;h;1,00;1;1
62,00;55;h;4,00;1;0
33,20;73;h;3,00;1;0
8,00;30;m;1,00;2;1
13,90;31;m;2,00;2;1
11,00;26;m;1,00;1;0
25,60;51;m;3,00;2;1
18,90;30;m;2,00;3;0
22,70;34;m;2,00;3;1
32,20;51;h;3,00;3;0
27,70;46;m;3,00;4;1
24,30;54;h;2,00;1;0
25,40;49;h;3,00;3;0
26,30;42;h;3,00;4;0
9,00;29;m;1,00;4;0
16,20;46;h;2,00;3;0
38,50;43;h;4,00;1;1
16,60;51;m;2,00;4;0
10,00;20;h;1,00;1;0
9,30;47;h;1,00;1;0
23,80;41;m;2,00;4;1
10,40;20;m;1,00;3;1
13,60;31;m;2,00;5;0
69,00;48;m;4,00;3;0
41,00;41;m;4,00;2;1
78,60;51;m;4,00;4;1
10,70;32;m;1,00;2;1
47,30;50;h;4,00;2;0
15,00;36;m;2,00;1;0
17,60;35;m;2,00;4;1
92,20;35;h;4,00;4;0
79,00;42;m;4,00;4;1
16,10;30;m;2,00;3;1
28,80;37;m;3,00;2;1
8,90;21;h;1,00;3;1
46,70;39;h;4,00;3;0
9,40;27;h;1,00;3;0
23,00;44;h;2,00;4;0
10,80;41;m;1,00;1;1
7,00;29;m;1,00;4;1
32,00;54;m;3,00;5;0
25,60;54;m;3,00;2;0
37,00;43;h;3,00;2;0
5,30;62;h;1,00;1;1
5,00;66;m;1,00;1;0
18,60;30;h;2,00;3;0
20,40;58;h;2,00;2;0
74,40;62;h;4,00;4;0
23,60;50;h;2,00;2;1
14,00;31;h;2,00;1;1
20,50;36;h;2,00;5;0
21,00;59;h;2,00;3;0
7,00;67;m;1,00;2;1
84,40;57;h;4,00;1;1
59,60;40;h;4,00;1;1
14,40;35;h;2,00;1;1
17,60;27;h;2,00;2;1
47,90;53;m;4,00;4;1
32,80;37;m;3,00;2;1
25,80;37;m;3,00;4;0
81,50;45;h;4,00;4;1
42,70;30;h;4,00;4;0
56,80;38;h;4,00;3;0
50,80;48;m;4,00;2;0
76,00;58;h;4,00;4;0
8,90;21;m;1,00;2;1
19,30;36;h;2,00;2;1
17,30;38;m;2,00;2;1
28,40;56;m;3,00;3;0
37,40;31;h;4,00;5;0
16,80;40;h;2,00;1;1
9,50;34;m;1,00;3;1
12,80;25;h;2,00;4;1
19,40;28;m;2,00;4;0
18,90;35;m;2,00;2;1
72,10;40;m;4,00;3;0
12,00;23;m;1,00;2;1
71,80;37;h;4,00;4;1
11,90;49;m;1,00;2;1
78,40;64;m;4,00;2;0
7,40;65;m;1,00;1;1
7,40;22;m;1,00;3;0
19,70;39;h;2,00;1;1
22,20;47;h;2,00;3;0
13,00;29;h;2,00;4;0
39,00;49;m;4,00;3;1
13,40;48;m;2,00;1;1
59,60;51;h;4,00;3;1
13,60;21;h;2,00;3;0
13,10;30;h;2,00;2;1
10,10;28;h;1,00;2;0
10,70;33;m;1,00;4;1
18,00;30;h;2,00;2;0
34,10;33;m;3,00;2;1
11,30;34;m;1,00;4;0
72,90;49;m;4,00;3;0
24,00;30;h;2,00;4;0
29,20;42;m;3,00;4;1
6,10;62;h;1,00;5;1
21,80;26;h;2,00;4;1
6,30;20;m;1,00;3;0
13,10;34;m;2,00;3;0
23,10;47;m;2,00;3;0
17,80;35;m;2,00;2;0
8,40;20;h;1,00;2;0
19,60;36;h;2,00;2;0
32,90;40;h;3,00;3;1
11,90;62;h;1,00;1;0
23,60;39;m;2,00;1;0
29,10;44;m;3,00;2;1
23,80;45;m;3,00;2;1
79,80;45;h;4,00;2;1
51,00;57;h;4,00;2;0
34,60;27;m;3,00;4;0
12,60;28;m;2,00;3;0
20,00;49;h;2,00;2;1
26,70;39;m;3,00;3;0
22,90;47;h;2,00;1;0
26,90;48;h;3,00;2;1
58,20;46;m;4,00;1;1
10,20;36;h;1,00;1;0
29,90;53;h;3,00;1;0
15,20;38;m;2,00;2;0
30,10;25;m;3,00;3;1
39,30;39;m;4,00;3;0
33,00;38;h;3,00;4;0
13,80;43;h;2,00;4;1
10,20;54;h;1,00;4;1
36,50;31;h;3,00;4;0
23,10;40;h;2,00;5;0
13,90;75;h;2,00;1;1
9,00;22;h;1,00;4;0
41,50;36;h;4,00;4;0
7,40;73;h;1,00;2;0
50,60;72;h;4,00;2;1
75,00;67;m;4,00;4;1
15,50;53;h;2,00;1;1
80,20;60;h;4,00;2;0
14,90;28;m;2,00;3;1
30,10;33;m;3,00;2;1
22,70;56;h;2,00;1;1
12,00;56;h;1,00;2;0
18,80;29;h;2,00;4;0
30,30;45;m;3,00;4;1
10,70;45;h;1,00;2;0
20,10;33;m;2,00;5;1
18,30;39;h;2,00;1;0
24,30;40;h;2,00;2;1
46,40;42;m;4,00;2;0
42,60;39;h;4,00;1;1
46,60;51;h;4,00;3;1
5,50;67;m;1,00;3;0
45,50;54;m;4,00;1;1
17,10;32;m;2,00;4;0
43,70;36;h;4,00;3;1
28,00;36;m;3,00;3;1
52,60;74;h;4,00;3;0
38,30;42;m;4,00;3;0
7,00;28;h;1,00;4;0
37,90;32;m;4,00;3;0
11,70;36;m;1,00;2;1
73,20;45;h;4,00;2;0
52,30;37;m;4,00;4;0
64,00;56;h;4,00;4;1
4,50;56;m;1,00;2;1
18,30;47;h;2,00;4;1
92,10;40;h;4,00;2;0
22,00;38;m;2,00;1;1
7,80;26;m;1,00;2;1
66,50;48;h;4,00;2;1
82,90;50;h;4,00;1;1
40,40;60;h;4,00;5;1
14,10;52;m;2,00;1;0
32,90;46;m;3,00;2;0
18,00;52;h;2,00;1;1
22,50;29;m;2,00;4;1
7,60;23;h;1,00;2;0
26,60;64;m;3,00;1;1
21,70;50;h;2,00;1;1
31,40;53;h;3,00;3;0
43,90;43;h;4,00;2;0
6,80;21;h;1,00;3;0
18,00;27;h;2,00;2;0
33,70;44;m;3,00;3;0
91,80;40;m;4,00;4;1
48,30;53;h;4,00;4;0
35,90;42;h;3,00;3;0
10,20;34;h;1,00;4;0
44,80;46;h;4,00;1;1
12,70;23;h;2,00;3;0
79,30;60;m;4,00;4;1
10,40;25;h;1,00;4;1
8,80;24;h;1,00;2;0
17,40;47;h;2,00;3;0
12,80;42;m;2,00;5;1
78,30;57;m;4,00;2;0
43,00;42;h;4,00;4;0
14,20;34;m;2,00;2;1
29,10;34;h;3,00;3;1
18,30;36;m;2,00;2;1
29,30;43;m;3,00;1;0
37,50;37;h;4,00;2;0
34,50;31;m;3,00;3;1
7,00;70;h;1,00;3;1
10,70;26;m;1,00;3;0
89,60;56;m;4,00;2;1
5,50;63;h;1,00;4;1
52,10;35;h;4,00;4;1
29,70;52;h;3,00;1;0
37,50;50;m;4,00;4;0
71,30;57;h;4,00;5;0
7,00;20;h;1,00;1;1
12,50;22;m;2,00;3;1
8,50;19;m;1,00;2;0
18,90;46;h;2,00;3;0
11,90;26;m;1,00;4;0
36,50;38;m;3,00;1;1
23,20;34;h;2,00;4;1
26,70;34;h;3,00;2;0
67,30;41;h;4,00;4;1
24,30;31;h;2,00;4;0
74,60;51;m;4,00;2;0
49,10;30;h;4,00;3;1
16,50;52;h;2,00;4;1
18,00;47;m;2,00;2;0
22,10;35;h;2,00;4;0
24,00;29;h;3,00;3;1
19,10;36;m;2,00;5;1
11,80;27;h;1,00;4;0
24,00;40;m;2,00;1;0
14,50;32;h;2,00;3;0
73,30;42;m;4,00;4;1
69,30;42;h;4,00;1;1
29,00;37;m;3,00;2;0
31,40;44;m;3,00;3;1
48,30;43;h;4,00;2;1
17,80;38;m;2,00;2;1
16,50;25;h;2,00;4;1
19,10;28;h;2,00;4;1
34,00;56;h;3,00;4;1
17,50;36;h;2,00;3;0
23,40;30;h;2,00;2;0
7,80;24;h;1,00;3;1
58,10;30;m;4,00;4;1
72,90;50;m;4,00;2;0
31,10;31;h;3,00;3;0
33,20;40;m;3,00;2;0
31,40;46;m;3,00;2;0
25,80;54;h;3,00;2;1
12,60;30;h;2,00;4;0
69,20;48;m;4,00;2;1
4,20;69;h;1,00;1;1
80,10;50;m;4,00;5;1
64,70;45;m;4,00;4;0
15,60;48;m;2,00;1;0
19,50;59;m;2,00;1;1
50,00;52;m;4,00;1;1
23,10;52;h;2,00;2;0
79,00;49;m;4,00;2;0
28,70;41;h;3,00;4;1
10,40;40;h;1,00;4;0
23,60;24;m;2,00;2;0
61,20;49;h;4,00;2;1
14,80;72;h;2,00;2;1
48,40;48;m;4,00;2;0
35,90;42;h;3,00;3;0
39,60;53;h;4,00;1;0
9,50;29;m;1,00;2;1
59,10;47;h;4,00;1;1
79,40;50;h;4,00;4;1
23,00;46;h;2,00;4;0
42,30;58;m;4,00;2;1
90,10;65;h;4,00;1;0
10,10;28;h;1,00;3;0
26,50;59;h;3,00;1;0
30,20;49;h;3,00;4;0
73,80;43;m;4,00;4;0
16,20;38;m;2,00;5;0
14,70;54;h;2,00;2;0
23,00;57;m;2,00;1;0
46,60;51;h;4,00;3;0
10,20;31;m;1,00;1;0
64,30;36;m;4,00;4;0
22,00;47;h;2,00;4;0
11,10;40;m;1,00;5;0
78,30;73;h;4,00;1;1
22,90;46;m;2,00;4;0
63,40;44;m;4,00;4;0
17,50;31;m;2,00;4;1
82,30;64;h;4,00;3;1
24,60;32;h;3,00;4;1
42,10;35;m;4,00;5;0
53,20;57;m;4,00;1;0
21,90;43;m;2,00;1;0
16,90;65;h;2,00;3;1
10,80;29;m;1,00;2;0
15,70;45;m;2,00;2;0
12,10;37;m;1,00;4;0
26,60;44;m;3,00;3;0
25,40;53;m;2,00;2;1
92,50;54;h;4,00;2;0
24,60;43;m;3,00;2;1
63,50;53;h;4,00;3;0
23,50;61;m;2,00;2;0
11,90;49;h;1,00;3;1
9,90;39;h;1,00;3;0
42,10;55;m;4,00;3;0
17,20;51;h;2,00;2;0
15,40;23;m;2,00;3;0
22,20;60;m;2,00;2;1
18,40;60;h;2,00;1;1
22,80;43;m;2,00;2;1
6,00;62;h;1,00;1;0
20,20;49;h;2,00;4;1
60,30;68;m;4,00;1;0
16,60;47;m;2,00;2;0
18,70;48;h;2,00;4;1
16,30;25;h;2,00;3;1
8,50;25;m;1,00;1;1
18,90;39;m;2,00;1;1
54,60;41;h;4,00;2;0
7,40;66;h;1,00;1;1
50,00;36;h;4,00;4;0
9,40;33;m;1,00;4;1
10,50;37;m;1,00;4;0
42,40;40;h;4,00;2;0
84,90;48;m;4,00;2;1
49,40;47;m;4,00;1;0
51,10;48;m;4,00;1;1
11,10;40;m;1,00;1;1
13,40;54;h;2,00;1;0
48,30;41;h;4,00;5;0
31,20;38;h;3,00;3;1
20,90;57;h;2,00;3;0
17,30;28;h;2,00;2;0
18,70;19;h;2,00;2;1
6,30;18;m;1,00;1;0
24,30;36;h;3,00;1;1
14,90;33;m;2,00;1;1
75,50;48;h;4,00;4;0
14,10;32;m;2,00;4;1
38,60;38;m;4,00;2;1
25,70;53;h;3,00;1;1
9,50;32;h;1,00;4;0
14,40;31;h;2,00;2;0
40,70;47;m;4,00;4;1
25,70;46;h;3,00;1;0
14,00;23;h;2,00;2;1
64,70;53;h;4,00;5;1
12,60;57;h;2,00;4;1
33,80;25;h;3,00;4;0
23,60;46;m;2,00;2;1
13,30;30;m;2,00;1;1
76,80;56;h;4,00;4;0
22,50;73;m;2,00;1;0
12,40;57;h;2,00;2;0
18,80;40;m;2,00;1;0
16,10;27;h;2,00;4;0
24,60;37;h;2,00;3;1
12,80;36;h;2,00;1;0
5,20;21;h;1,00;2;0
12,10;21;m;2,00;3;0
85,00;32;h;4,00;4;0
12,30;28;m;2,00;4;1
9,50;32;h;1,00;2;0
28,60;30;m;3,00;3;1
43,00;42;h;4,00;3;0
27,50;34;h;3,00;2;1
66,30;45;h;4,00;3;1
47,10;57;h;4,00;2;1
22,60;26;h;2,00;4;1
41,40;36;m;4,00;3;1
11,50;20;h;1,00;3;0
18,30;43;h;2,00;2;1
80,40;64;h;4,00;4;1
13,40;64;m;2,00;2;0
84,80;65;h;4,00;2;1
15,70;45;m;2,00;3;0
17,00;36;m;2,00;2;1
34,10;41;m;3,00;4;0
70,10;47;m;4,00;1;1
75,60;55;h;4,00;2;1
39,10;39;h;4,00;4;0
14,90;29;h;2,00;2;0
15,20;59;h;2,00;1;1
22,90;56;h;2,00;3;0
86,90;36;m;4,00;5;0
35,20;26;h;3,00;4;0
63,10;58;m;4,00;1;0
39,90;33;m;4,00;3;1
29,00;40;m;3,00;2;1
28,50;43;h;3,00;1;0
52,30;50;m;4,00;3;0
31,00;37;h;3,00;1;1
14,70;56;m;2,00;1;1
14,30;25;h;2,00;2;0
38,70;45;m;4,00;2;0
13,70;35;m;2,00;2;0
93,40;49;m;4,00;2;1
68,70;55;h;4,00;1;1
28,80;46;h;3,00;2;0
21,60;45;h;2,00;4;0
12,10;29;h;2,00;2;1
15,20;65;m;2,00;2;1
8,50;32;m;1,00;4;0
56,20;61;m;4,00;4;1
23,60;38;h;2,00;4;0
20,80;47;m;2,00;3;0
53,10;51;h;4,00;5;0
24,10;50;m;2,00;1;1
49,50;47;h;4,00;2;1
23,10;31;m;2,00;4;0
9,60;23;h;1,00;2;1
9,10;19;m;1,00;2;1
15,00;28;m;2,00;2;1
31,80;37;m;3,00;1;1
12,50;34;m;2,00;4;1
13,70;33;m;2,00;1;1
81,60;50;m;4,00;4;0
29,80;30;m;3,00;5;1
7,90;32;m;1,00;1;0
23,90;36;m;2,00;1;1
57,90;57;h;4,00;3;1
23,20;32;h;2,00;4;1
6,90;59;m;1,00;3;0
32,20;39;m;3,00;3;1
9,00;28;h;1,00;2;0
13,70;43;m;2,00;2;0
15,10;28;h;2,00;2;0
31,40;49;h;3,00;1;0
15,60;25;m;2,00;2;1
39,30;53;m;4,00;4;0
22,90;51;m;2,00;5;1
17,00;37;m;2,00;3;0
55,70;46;h;4,00;1;1
20,30;27;m;2,00;4;1
14,90;56;m;2,00;1;1
25,20;37;h;3,00;1;0
16,40;52;h;2,00;1;0
33,20;40;m;3,00;2;0
12,00;52;h;1,00;1;1
14,80;38;m;2,00;4;1
5,50;67;m;1,00;3;0
12,60;33;h;2,00;3;1
26,50;45;h;3,00;4;0
24,50;44;m;3,00;1;0
19,60;33;m;2,00;3;1
15,20;21;m;2,00;3;1
11,30;38;m;1,00;4;0
11,70;31;h;1,00;1;0
30,80;44;h;3,00;2;0
33,60;49;h;3,00;4;0
5,40;75;m;1,00;2;0
28,20;30;h;3,00;4;1
79,00;42;h;4,00;4;1
24,70;26;m;2,00;4;1
11,60;48;h;1,00;2;0
18,50;61;m;2,00;3;0
22,80;34;m;2,00;4;1
30,30;29;m;3,00;5;0
13,60;33;h;2,00;3;1
25,50;34;m;3,00;4;1
65,50;57;h;4,00;1;1
25,80;56;h;3,00;1;0
26,20;35;h;3,00;2;0
47,60;67;h;4,00;3;1
13,00;31;h;2,00;2;0
46,20;41;h;4,00;3;0
25,00;33;h;3,00;4;0
29,50;35;h;3,00;3;0
29,70;59;m;3,00;1;0
24,80;44;m;3,00;1;1
17,50;37;m;2,00;4;1
26,70;52;h;3,00;4;1
11,60;26;h;1,00;3;0
12,00;36;m;1,00;3;0
75,40;39;h;4,00;5;0
73,30;49;m;4,00;2;1
11,60;41;h;1,00;4;0
20,80;38;h;2,00;4;1
10,70;64;h;1,00;3;1
81,40;44;h;4,00;3;0
12,50;38;m;2,00;5;0
22,70;34;h;2,00;3;0
40,00;37;m;4,00;1;1
49,00;49;h;4,00;1;0
33,30;48;h;3,00;2;0
26,40;35;m;3,00;3;0
20,50;35;m;2,00;1;1
29,00;42;h;3,00;4;0
22,20;43;m;2,00;1;0
27,00;33;m;3,00;3;0
44,80;49;h;4,00;4;0
33,10;39;m;3,00;4;1
32,20;45;m;3,00;3;1
18,00;39;h;2,00;2;0
31,70;54;m;3,00;3;1
23,30;31;h;2,00;4;1
14,50;22;h;2,00;4;1
9,30;53;m;1,00;1;0
51,40;74;m;4,00;2;1
30,60;32;m;3,00;4;0
9,90;46;m;1,00;5;1
11,60;34;m;1,00;2;0
8,40;25;h;1,00;4;1
56,90;47;h;4,00;2;0
43,90;60;m;4,00;2;0
74,30;46;h;4,00;2;1
11,60;32;h;1,00;3;1
68,20;42;h;4,00;5;1
8,90;34;h;1,00;4;0
16,50;40;h;2,00;2;1
15,80;39;h;2,00;2;0
57,50;46;h;4,00;5;1
67,70;62;m;4,00;4;0
4,50;63;m;1,00;3;1
21,20;29;h;2,00;2;0
26,70;37;h;3,00;1;0
24,80;41;h;3,00;2;0
70,70;52;m;4,00;2;1
61,60;55;h;4,00;1;1
32,90;41;m;3,00;2;0
11,30;54;m;1,00;1;0
17,00;27;m;2,00;2;1
41,90;39;h;4,00;2;1
12,20;23;m;1,00;1;0
58,80;51;h;4,00;1;1
24,10;53;m;2,00;1;0
11,00;37;h;1,00;4;1
22,10;42;h;2,00;1;1
68,10;62;h;4,00;3;0
48,70;35;h;4,00;3;1
18,80;63;h;2,00;2;1
18,50;33;h;2,00;4;0
6,90;67;m;1,00;2;1
34,30;48;m;3,00;1;0
28,20;58;m;3,00;2;1
40,50;43;h;4,00;1;0
20,20;35;m;2,00;5;0
13,00;35;m;2,00;2;1
18,30;30;m;2,00;4;1
8,50;41;h;1,00;1;0
16,50;38;h;2,00;3;0
65,90;45;m;4,00;5;1
42,00;36;h;4,00;4;0
31,20;34;m;3,00;2;0
61,60;34;h;4,00;4;1
12,70;45;m;2,00;2;0
11,60;29;m;1,00;4;1
48,90;61;m;4,00;2;0
37,70;41;h;4,00;1;1
52,90;39;m;4,00;4;0
15,30;25;m;2,00;4;0
46,30;55;m;4,00;2;1
48,40;52;m;4,00;2;1
32,60;53;m;3,00;4;0
21,20;33;h;2,00;4;1
27,80;40;m;3,00;1;0
12,40;44;m;2,00;4;0
23,30;46;h;2,00;1;1
14,20;40;m;2,00;3;0
8,80;25;h;1,00;4;0
15,00;21;m;2,00;3;1
32,90;44;m;3,00;1;1
21,40;32;m;2,00;4;0
52,10;46;h;4,00;1;1
59,90;42;m;4,00;5;1
11,90;37;h;1,00;1;1
62,00;45;h;4,00;3;0
21,60;65;h;2,00;1;1
35,30;50;m;3,00;3;0
9,50;24;h;1,00;2;1
11,10;42;m;1,00;1;1
48,90;47;m;4,00;3;0
11,80;65;h;1,00;2;0
25,00;42;h;2,00;3;1
33,40;38;m;3,00;3;0
21,20;37;m;2,00;1;0
9,00;23;h;1,00;4;0
17,70;30;h;2,00;2;0
78,90;58;h;4,00;3;0
34,90;40;h;3,00;5;1
19,30;40;m;2,00;4;0
14,80;35;h;2,00;2;1
42,60;52;m;4,00;3;0
22,80;67;h;2,00;2;1
33,40;28;m;3,00;4;1
23,50;30;m;2,00;2;1
10,00;36;h;1,00;3;0
9,40;36;m;1,00;5;0
14,50;55;m;2,00;1;0
5,00;63;m;1,00;2;0
76,90;52;m;4,00;1;0
23,00;38;m;2,00;1;0
19,20;37;h;2,00;2;1
19,10;54;h;2,00;1;0
18,90;30;h;2,00;3;0
77,20;56;h;4,00;3;0
31,00;53;h;3,00;5;0
11,80;28;m;1,00;3;1
13,20;61;h;2,00;2;0
11,50;25;h;1,00;1;1
9,00;42;h;1,00;1;0
17,50;50;m;2,00;2;1
14,00;27;h;2,00;3;0
27,70;38;m;3,00;2;1
22,90;53;h;2,00;2;0
29,60;55;h;3,00;2;0
33,90;53;m;3,00;2;0
21,20;50;m;2,00;3;1
55,80;47;m;4,00;2;1
15,00;42;m;2,00;5;0
11,00;22;m;1,00;2;1
31,50;44;h;3,00;4;0
13,70;35;m;2,00;1;1
24,70;50;h;2,00;2;0
22,90;36;m;2,00;4;0
94,90;55;h;4,00;2;0
98,70;60;m;4,00;2;0
6,90;61;h;1,00;2;0
4,90;72;m;1,00;1;1
21,30;26;h;2,00;4;1
52,30;35;h;4,00;4;1
36,80;48;m;3,00;3;0
17,80;30;h;2,00;4;1
13,90;44;m;2,00;3;0
79,70;55;m;4,00;2;1
16,40;32;h;2,00;2;1
55,60;43;m;4,00;2;1
36,30;43;m;3,00;2;0
50,30;35;h;4,00;2;0
15,40;31;m;2,00;1;0
11,60;37;m;1,00;4;1
11,00;35;h;1,00;2;0
50,80;49;h;4,00;1;1
5,80;58;h;1,00;2;0
33,00;51;h;3,00;3;1
90,40;53;h;4,00;2;1
10,20;40;h;1,00;2;1
75,90;54;h;4,00;3;1
10,60;26;m;1,00;2;0
6,80;55;m;1,00;1;0
31,70;37;m;3,00;1;1
69,90;39;h;4,00;4;1
5,00;62;m;1,00;2;1
66,20;43;h;4,00;2;0
18,60;32;h;2,00;4;0
37,40;38;m;3,00;2;1
17,90;31;h;2,00;2;1
35,50;43;m;3,00;4;0
15,70;67;h;2,00;1;0
14,70;24;m;2,00;4;1
24,00;45;m;2,00;3;0
17,80;27;h;2,00;4;1
22,60;47;h;2,00;1;0
68,00;51;m;4,00;4;0
30,80;60;m;3,00;1;1
12,90;23;m;2,00;2;1
24,40;49;h;3,00;2;1
18,10;50;h;2,00;3;1
35,10;40;h;3,00;2;1
15,90;54;m;2,00;1;1
27,10;47;h;3,00;2;1
85,60;44;h;4,00;4;1
16,10;33;m;2,00;3;0
10,80;49;h;1,00;3;0
33,10;37;m;3,00;2;0
72,40;47;h;4,00;4;1
19,90;41;h;2,00;2;1
33,00;50;h;3,00;1;1
33,50;41;m;3,00;4;0
11,40;29;m;1,00;2;1
10,60;29;m;1,00;2;1
11,20;67;h;1,00;4;0
14,20;25;h;2,00;2;1
11,50;25;h;1,00;3;0
37,50;45;m;3,00;1;0
25,80;37;h;3,00;2;0
14,00;33;m;2,00;1;1
28,40;50;h;3,00;2;0
9,90;25;m;1,00;4;1
24,00;55;h;3,00;4;0
39,80;42;h;4,00;3;1
9,80;66;m;1,00;3;1
19,10;42;h;2,00;1;0
4,90;76;h;1,00;1;1
16,30;31;h;2,00;1;0
31,30;39;m;3,00;4;1
93,50;57;h;4,00;4;0
15,20;46;m;2,00;3;1
12,00;36;h;1,00;2;0
52,30;36;m;4,00;4;0
14,80;23;m;2,00;1;1
49,20;39;m;4,00;2;1
25,90;36;m;3,00;3;0
42,50;45;m;4,00;1;0
17,50;46;h;2,00;1;1
33,70;48;m;3,00;2;1
81,50;54;h;4,00;4;1
42,50;44;h;4,00;2;0
12,30;41;m;2,00;3;0
29,30;35;m;3,00;3;0
16,60;55;m;2,00;1;1
15,40;34;h;2,00;3;0
9,00;24;m;1,00;2;1
36,50;40;m;3,00;2;1
35,10;40;h;3,00;3;0
11,80;30;m;1,00;2;0
73,20;61;h;4,00;2;0
12,60;57;h;2,00;4;1
9,70;25;m;1,00;2;1
64,90;40;m;4,00;4;0
25,20;42;m;3,00;3;1
19,70;51;m;2,00;2;0
9,30;24;m;1,00;1;0
28,50;33;h;3,00;1;0
32,00;50;m;3,00;3;1
23,20;42;h;2,00;3;0
21,80;43;m;2,00;2;1
79,70;53;m;4,00;5;0
73,80;51;m;4,00;4;1
12,90;37;h;2,00;2;1
25,10;38;m;3,00;4;0
45,80;40;m;4,00;4;0
8,90;33;m;1,00;3;1
99,30;55;m;4,00;1;0
20,00;30;h;2,00;4;1
12,50;40;h;2,00;3;0
10,70;41;h;1,00;4;1
18,60;45;m;2,00;2;1
19,40;45;m;2,00;3;0
10,80;26;m;1,00;1;1
36,20;51;m;3,00;2;0
31,20;54;h;3,00;5;0
14,30;48;h;2,00;1;0
5,10;62;m;1,00;1;0
27,20;42;m;3,00;3;0
7,50;58;m;1,00;1;1
14,40;41;h;2,00;1;0
16,10;41;h;2,00;2;1
41,50;47;h;4,00;2;1
70,30;45;h;4,00;5;0
39,00;43;h;4,00;1;0
19,80;43;h;2,00;2;0
12,10;34;m;1,00;1;0
11,50;47;h;1,00;1;1
15,70;27;m;2,00;3;1
20,60;49;h;2,00;1;0
29,40;40;m;3,00;4;0
20,30;67;m;2,00;5;1
9,70;73;m;1,00;1;0
18,00;32;h;2,00;2;0
66,60;54;m;4,00;4;0
11,30;28;h;1,00;2;0
24,60;36;h;2,00;2;1
4,90;71;h;1,00;1;0
9,80;22;m;1,00;4;1
19,30;39;m;2,00;3;1
23,30;39;m;3,00;4;0
8,50;32;h;1,00;5;1
24,00;33;h;2,00;5;0
9,40;26;m;1,00;2;1
21,30;25;m;2,00;4;0
21,20;24;m;2,00;3;1
13,50;42;m;2,00;4;1
17,70;33;m;2,00;3;1
17,30;28;m;2,00;3;1
54,90;47;h;4,00;4;0
8,50;22;m;1,00;2;1
27,60;41;h;3,00;4;1
43,70;32;m;4,00;5;1
34,60;51;h;3,00;3;0
17,10;31;h;2,00;1;0
26,40;50;m;3,00;2;0
24,20;30;h;2,00;2;0
17,10;39;m;2,00;1;1
9,40;59;m;1,00;1;0
23,30;47;m;2,00;4;1
11,20;63;h;1,00;4;0
13,80;46;h;2,00;1;1
14,70;21;h;2,00;3;0
86,90;40;h;4,00;4;0
6,00;20;m;1,00;3;1
23,80;34;m;3,00;1;1
17,00;42;h;2,00;1;0
26,10;54;h;3,00;1;0
11,50;30;h;1,00;2;1
62,40;41;m;4,00;4;1
15,20;49;m;2,00;3;0
11,90;26;h;1,00;2;0
68,90;47;m;4,00;4;0
33,20;43;h;3,00;3;1
11,60;36;m;1,00;4;0
11,00;20;m;1,00;2;0
26,10;47;h;3,00;1;0
15,30;30;h;2,00;3;0
19,20;30;m;2,00;3;1
11,00;33;m;1,00;1;0
33,60;45;h;3,00;5;0
11,90;33;h;1,00;1;0
30,40;40;m;3,00;5;0
13,60;37;m;2,00;3;1
16,30;51;m;2,00;2;0
85,80;54;h;4,00;2;1
16,00;26;h;2,00;4;1
9,60;48;h;1,00;2;1
77,60;57;h;4,00;2;1
24,10;51;h;2,00;1;1
22,30;54;m;2,00;3;0
83,10;45;m;4,00;3;1
64,30;51;m;4,00;3;0
36,20;26;m;4,00;2;1
9,50;39;h;1,00;1;1
19,10;33;h;2,00;4;1
78,00;47;m;4,00;4;1
76,60;48;m;4,00;3;1
10,30;53;h;1,00;2;0
69,90;32;m;4,00;3;1
29,40;42;h;3,00;2;0
19,90;39;m;2,00;3;1
93,00;46;h;4,00;1;0
17,80;55;h;2,00;4;0
29,40;42;h;3,00;1;0
62,50;51;m;4,00;4;0
